-- 
-- DUMP VALIDO DOS CLIENTES
--
delete from produto_cliente where id >= 1;
delete from acesso_remoto where id >= 1;
delete from contato_cliente where idcontato_cliente > 0 and iddados_cliente not in(1020,1029,1063,2686,2687,2688,2689,2690,2691,2692,2693,2694,2695,2696,2697,2698,2699,2700,2701,2702,2703,2704,2705,2706,2707,2708,2709,2710,2711,2712,2713,2714,2715,2716,2717,2718,2719,2720,2721,2722,2723,2724,2725,2726,2727,2728,2729,2730,2731,2732,2733,2734,2735,2736,2737,2738,2739,2740,2741,2742,2743,2744,2745,2746,2747,2748,2749,2750,2751,2752,2753,2754,2755,2756,2757,2888,4109,4110,4111,4112);
delete from dados_cliente where iddados_cliente > 1 and idcliente not in(1063,4109,4110,4111,4112,1029,2888,1020,2686,2708,2686,2687,2688,2689,2690,2691,2692,2693,2694,2695,2696,2697,2698,2699,2700,2701,2702,2703,2704,2705,2706,2707,2708,2709,2710,2711,2712,2713,2714,2715,2716,2717,2718,2719,2720,2721,2722,2723,2724,2725,2726,2727,2728,2729,2730,2731,2732,2733,2734,2735,2736,2737,2738,2739,2740,2741,2742,2743,2744,2745,2746,2747,2748,2749,2750,2751,2752,2753,2754,2755,2756,2757);
delete from cliente where idcliente > 1 and idcliente not in(1063,4109,4110,4111,4112,1029,2888,1020,2686,2708,2686,2687,2688,2689,2690,2691,2692,2693,2694,2695,2696,2697,2698,2699,2700,2701,2702,2703,2704,2705,2706,2707,2708,2709,2710,2711,2712,2713,2714,2715,2716,2717,2718,2719,2720,2721,2722,2723,2724,2725,2726,2727,2728,2729,2730,2731,2732,2733,2734,2735,2736,2737,2738,2739,2740,2741,2742,2743,2744,2745,2746,2747,2748,2749,2750,2751,2752,2753,2754,2755,2756,2757);
delete from ocorrencia_usuario where id > 0;
delete from ocorrencia where id > 0;
delete from cliente where idcliente > 0 and idcliente not in(1063,4109,4110,4111,4112,1029,2888,1020,2686,2708,2686,2687,2688,2689,2690,2691,2692,2693,2694,2695,2696,2697,2698,2699,2700,2701,2702,2703,2704,2705,2706,2707,2708,2709,2710,2711,2712,2713,2714,2715,2716,2717,2718,2719,2720,2721,2722,2723,2724,2725,2726,2727,2728,2729,2730,2731,2732,2733,2734,2735,2736,2737,2738,2739,2740,2741,2742,2743,2744,2745,2746,2747,2748,2749,2750,2751,2752,2753,2754,2755,2756,2757);
delete from endereco where idendereco >= 10000;
delete from cep where idcep >= 10000;
delete from bairro where idbairro >= 10000;
delete from cidade where idcidade >= 10000;INSERT INTO cidade VALUES(10000,(if((select count(idestado) as c from estado where sigla = 'RJ') > 0 , (select idestado from estado where sigla = 'RJ') , 25 ) ),'RIO DE JANEIRO');
INSERT INTO bairro VALUES(10000,10000,'CENTRO','AVENIDA MARECHAL FLORIANO, ','');
INSERT INTO cep VALUES(10000,10000,'20.080-003');
INSERT INTO endereco VALUES(10000,10000,'55','NÃO INFORMADO');
INSERT INTO cliente VALUES(10000,10000,'0','A IMPECÁVEL','1','1','0','1','AIMPECAVEL','1');
INSERT INTO dados_cliente VALUES(10000,10000,'13.655.492/0001-03','NÃO INFORMADO','A IMPECÁVEL','0.00','2007-12-12','2035-12-31','1','0.00','smb://192.168.1.226/Programacao/SERVER/','smb://192.168.1.249/Clientes/AIMPECAVEL/','smb://192.168.1.220/Comerciais/AIMPECAVEL/','smb://192.168.1.249/Clientes/AIMPECAVEL/','smb://192.168.1.249/Clientes/AIMPECAVEL/','1');
INSERT INTO cidade VALUES(10001,(if((select count(idestado) as c from estado where sigla = 'SP') > 0 , (select idestado from estado where sigla = 'SP') , 25 ) ),'SÃO PAULO');
INSERT INTO bairro VALUES(10001,10001,'PIRAJUSSARA','ESTRADA DO CAMPO LIMPO, ','');
INSERT INTO cep VALUES(10001,10001,'05.787-000');
INSERT INTO endereco VALUES(10001,10001,'4263','NÃO INFORMADO');
INSERT INTO cliente VALUES(10001,10001,'0','ÁGUIA SHOES ','1','1','0','1','AGUIASHOES','1');
INSERT INTO dados_cliente VALUES(10001,10001,'13.655.492/0001-03','NÃO INFORMADO','ÁGUIA SHOES ','0.00','2008-10-07','2035-12-31','1','0.00','smb://192.168.1.226/Programacao/SERVER/','smb://192.168.1.249/Clientes/AGUIASHOES/','smb://192.168.1.220/Comerciais/AGUIASHOES/','smb://192.168.1.249/Clientes/AGUIASHOES/','smb://192.168.1.249/Clientes/AGUIASHOES/','1');
INSERT INTO cidade VALUES(10002,(if((select count(idestado) as c from estado where sigla = 'RJ') > 0 , (select idestado from estado where sigla = 'RJ') , 25 ) ),'RIO DE JANEIRO');
INSERT INTO bairro VALUES(10002,10002,'RECREIO','EST. DO PONTAL','');
INSERT INTO cep VALUES(10002,10002,'22.790-877');
INSERT INTO endereco VALUES(10002,10002,'843',' CASA 845 E 847');
INSERT INTO cliente VALUES(10002,10002,'0','AMOEDO','1','1','0','1','AMOEDO','1');
INSERT INTO dados_cliente VALUES(10002,10002,'13.655.492/0001-03','NÃO INFORMADO','AMOEDO','0.00','2014-02-01','2035-12-31','1','0.00','smb://192.168.1.226/Programacao/SERVER/','smb://192.168.1.249/Clientes/AMOEDO/','smb://192.168.1.220/Comerciais/AMOEDO/','smb://192.168.1.249/Clientes/AMOEDO/','smb://192.168.1.249/Clientes/AMOEDO/','1');
INSERT INTO cidade VALUES(10003,(if((select count(idestado) as c from estado where sigla = 'SP') > 0 , (select idestado from estado where sigla = 'SP') , 25 ) ),'SÃO PAULO');
INSERT INTO bairro VALUES(10003,10003,'BELA VISTA','AVENIDA PAULISTA','');
INSERT INTO cep VALUES(10003,10003,'01.310-920');
INSERT INTO endereco VALUES(10003,10003,'NÃO INFORMADO','NÃO INFORMADO');
INSERT INTO cliente VALUES(10003,10003,'0','ARTEX ','1','1','0','1','ARTEX','1');
INSERT INTO dados_cliente VALUES(10003,10003,'13.655.492/0001-03','NÃO INFORMADO','ARTEX ','0.00','2011-10-14','2035-12-31','1','0.00','smb://192.168.1.226/Programacao/SERVER/','smb://192.168.1.249/Clientes/ARTEX/','smb://192.168.1.220/Comerciais/ARTEX/','smb://192.168.1.249/Clientes/ARTEX/','smb://192.168.1.249/Clientes/ARTEX/','1');
INSERT INTO cidade VALUES(10004,(if((select count(idestado) as c from estado where sigla = 'SP') > 0 , (select idestado from estado where sigla = 'SP') , 25 ) ),'SÃO PAULO');
INSERT INTO bairro VALUES(10004,10004,'CONSOLAÇÃO','AVENIDA ANGÉLICA','');
INSERT INTO cep VALUES(10004,10004,'01.227-200');
INSERT INTO endereco VALUES(10004,10004,'2163','8 ANDAR');
INSERT INTO cliente VALUES(10004,10004,'0','ARTWALK','1','1','0','1','AFEET','1');
INSERT INTO dados_cliente VALUES(10004,10004,'13.655.492/0001-03','NÃO INFORMADO','ARTWALK','0.00','2013-03-01','2035-12-31','1','0.00','smb://192.168.1.226/Programacao/SERVER/','smb://192.168.1.249/Clientes/AFEET/','smb://192.168.1.220/Comerciais/AFEET/','smb://192.168.1.249/Clientes/AFEET/','smb://192.168.1.249/Clientes/AFEET/','1');
INSERT INTO cidade VALUES(10005,(if((select count(idestado) as c from estado where sigla = 'SP') > 0 , (select idestado from estado where sigla = 'SP') , 25 ) ),'SÃO PAULO');
INSERT INTO bairro VALUES(10005,10005,'CONSOLAÇÃO','AVENIDA ANGÉLICA','');
INSERT INTO cep VALUES(10005,10005,'01.227-200');
INSERT INTO endereco VALUES(10005,10005,'2163',' 8 ANDAR');
INSERT INTO cliente VALUES(10005,10005,'0','AUTHENTIC FEET','1','1','0','1','AFEET','1');
INSERT INTO dados_cliente VALUES(10005,10005,'13.655.492/0001-03','NÃO INFORMADO','AUTHENTIC FEET','0.00','2013-03-01','2035-12-31','1','0.00','smb://192.168.1.226/Programacao/SERVER/','smb://192.168.1.249/Clientes/AFEET/','smb://192.168.1.220/Comerciais/AFEET/','smb://192.168.1.249/Clientes/AFEET/','smb://192.168.1.249/Clientes/AFEET/','1');
INSERT INTO cidade VALUES(10006,(if((select count(idestado) as c from estado where sigla = 'RS') > 0 , (select idestado from estado where sigla = 'RS') , 25 ) ),'PELOTAS');
INSERT INTO bairro VALUES(10006,10006,'CENTRO','RUA QUINZE DE NOVEMBRO','');
INSERT INTO cep VALUES(10006,10006,'96.015-000');
INSERT INTO endereco VALUES(10006,10006,'667','LOJA 19');
INSERT INTO cliente VALUES(10006,10006,'0','AUTHENTICAL','1','1','0','1','AFEET','1');
INSERT INTO dados_cliente VALUES(10006,10006,'13.655.492/0001-03','NÃO INFORMADO','AUTHENTICAL','0.00','2013-08-07','2035-12-31','1','0.00','smb://192.168.1.226/Programacao/SERVER/','smb://192.168.1.249/Clientes/AFEET/','smb://192.168.1.220/Comerciais/AFEET/','smb://192.168.1.249/Clientes/AFEET/','smb://192.168.1.249/Clientes/AFEET/','1');
INSERT INTO cidade VALUES(10007,(if((select count(idestado) as c from estado where sigla = 'MT') > 0 , (select idestado from estado where sigla = 'MT') , 25 ) ),'CUIABÁ');
INSERT INTO bairro VALUES(10007,10007,'CENTRO SUL','AVENIDA SENADOR METELO','');
INSERT INTO cep VALUES(10007,10007,'78.020-600');
INSERT INTO endereco VALUES(10007,10007,'556','NÃO INFORMADO');
INSERT INTO cliente VALUES(10007,10007,'0','AVENIDA','1','1','0','1','AVENIDA','1');
INSERT INTO dados_cliente VALUES(10007,10007,'13.655.492/0001-03','NÃO INFORMADO','AVENIDA','0.00','2011-02-18','2035-12-31','1','0.00','smb://192.168.1.226/Programacao/SERVER/','smb://192.168.1.249/Clientes/AVENIDA/','smb://192.168.1.220/Comerciais/AVENIDA/','smb://192.168.1.249/Clientes/AVENIDA/','smb://192.168.1.249/Clientes/AVENIDA/','1');
INSERT INTO cidade VALUES(10008,(if((select count(idestado) as c from estado where sigla = 'SP') > 0 , (select idestado from estado where sigla = 'SP') , 25 ) ),'SÃO PAULO');
INSERT INTO bairro VALUES(10008,10008,'VILA SUZANA','RUA MARECHAL HASTINFILO DE MOURA','');
INSERT INTO cep VALUES(10008,10008,'05.641-000');
INSERT INTO endereco VALUES(10008,10008,'417','NÃO INFORMADO');
INSERT INTO cliente VALUES(10008,10008,'0','BANANEIRA','1','1','0','1','BANANEIRA','1');
INSERT INTO dados_cliente VALUES(10008,10008,'13.655.492/0001-03','NÃO INFORMADO','BANANEIRA','0.00','2013-10-01','2035-12-31','1','0.00','smb://192.168.1.226/Programacao/SERVER/','smb://192.168.1.249/Clientes/BANANEIRA/','smb://192.168.1.220/Comerciais/BANANEIRA/','smb://192.168.1.249/Clientes/BANANEIRA/','smb://192.168.1.249/Clientes/BANANEIRA/','1');
INSERT INTO cidade VALUES(10009,(if((select count(idestado) as c from estado where sigla = 'SP') > 0 , (select idestado from estado where sigla = 'SP') , 25 ) ),'SÃO PAULO');
INSERT INTO bairro VALUES(10009,10009,'VILA GOMES CARDIN','RUA ITAPURA, ','');
INSERT INTO cep VALUES(10009,10009,'03.310-000');
INSERT INTO endereco VALUES(10009,10009,'829','NÃO INFORMADO');
INSERT INTO cliente VALUES(10009,10009,'0','BELEZA URBANA HAIR','1','1','0','1','BURBANA','1');
INSERT INTO dados_cliente VALUES(10009,10009,'13.655.492/0001-03','NÃO INFORMADO','BELEZA URBANA HAIR','0.00','2014-05-01','2035-12-31','1','0.00','smb://192.168.1.226/Programacao/SERVER/','smb://192.168.1.249/Clientes/BURBANA/','smb://192.168.1.220/Comerciais/BURBANA/','smb://192.168.1.249/Clientes/BURBANA/','smb://192.168.1.249/Clientes/BURBANA/','1');
INSERT INTO cidade VALUES(10010,(if((select count(idestado) as c from estado where sigla = 'SP') > 0 , (select idestado from estado where sigla = 'SP') , 25 ) ),'SÃO PAULO');
INSERT INTO bairro VALUES(10010,10010,'CENTRO','PRAÇA RAMOS DE AZEVEDO','');
INSERT INTO cep VALUES(10010,10010,'01.037-910');
INSERT INTO endereco VALUES(10010,10010,'206',' 206 - CONJ. 2730');
INSERT INTO cliente VALUES(10010,10010,'0','BESNI','1','1','0','1','BESNI','1');
INSERT INTO dados_cliente VALUES(10010,10010,'13.655.492/0001-03','NÃO INFORMADO','BESNI','0.00','1999-08-24','2035-12-31','1','0.00','smb://192.168.1.226/Programacao/SERVER/','smb://192.168.1.249/Clientes/BESNI/','smb://192.168.1.220/Comerciais/BESNI/','smb://192.168.1.249/Clientes/BESNI/','smb://192.168.1.249/Clientes/BESNI/','1');
INSERT INTO cidade VALUES(10011,(if((select count(idestado) as c from estado where sigla = 'ES') > 0 , (select idestado from estado where sigla = 'ES') , 25 ) ),'VITÓRIA');
INSERT INTO bairro VALUES(10011,10011,'PRAIA DO CANTO','AVENIDA SATURNINO DE BRITO','');
INSERT INTO cep VALUES(10011,10011,'29.055-180');
INSERT INTO endereco VALUES(10011,10011,'1327','NÃO INFORMADO');
INSERT INTO cliente VALUES(10011,10011,'0','BRISTOL FOUR TOWERS','1','1','0','1','FOURTOWERS','1');
INSERT INTO dados_cliente VALUES(10011,10011,'13.655.492/0001-03','NÃO INFORMADO','BRISTOL FOUR TOWERS','0.00','2011-05-19','2035-12-31','1','0.00','smb://192.168.1.226/Programacao/SERVER/','smb://192.168.1.249/Clientes/FOURTOWERS/','smb://192.168.1.220/Comerciais/FOURTOWERS/','smb://192.168.1.249/Clientes/FOURTOWERS/','smb://192.168.1.249/Clientes/FOURTOWERS/','1');
INSERT INTO cidade VALUES(10012,(if((select count(idestado) as c from estado where sigla = 'SP') > 0 , (select idestado from estado where sigla = 'SP') , 25 ) ),'BARUERI');
INSERT INTO bairro VALUES(10012,10012,'ALPHAVILLE INDUSTRIAL','ALAMEDA ARAGUAIA','');
INSERT INTO cep VALUES(10012,10012,'06.455-000');
INSERT INTO endereco VALUES(10012,10012,'1022','NÃO INFORMADO');
INSERT INTO cliente VALUES(10012,10012,'0','C&A ','1','1','0','1','CEA','1');
INSERT INTO dados_cliente VALUES(10012,10012,'13.655.492/0001-03','NÃO INFORMADO','C&A ','0.00','1998-07-15','2035-12-31','1','0.00','smb://192.168.1.226/Programacao/SERVER/','smb://192.168.1.249/Clientes/CEA/','smb://192.168.1.220/Comerciais/CEA/','smb://192.168.1.249/Clientes/CEA/','smb://192.168.1.249/Clientes/CEA/','1');
INSERT INTO cidade VALUES(10013,(if((select count(idestado) as c from estado where sigla = 'SP') > 0 , (select idestado from estado where sigla = 'SP') , 25 ) ),'SÃO PAULO');
INSERT INTO bairro VALUES(10013,10013,'AGUA RASA','RUA PIRAJÁ','');
INSERT INTO cep VALUES(10013,10013,'03.190-170');
INSERT INTO endereco VALUES(10013,10013,'803','815, 817 TERREO ANDAR 2');
INSERT INTO cliente VALUES(10013,10013,'0','CAEDU ','1','1','0','1','CAEDU','1');
INSERT INTO dados_cliente VALUES(10013,10013,'13.655.492/0001-03','NÃO INFORMADO','CAEDU ','0.00','2011-06-29','2035-12-31','1','0.00','smb://192.168.1.226/Programacao/SERVER/','smb://192.168.1.249/Clientes/CAEDU/','smb://192.168.1.220/Comerciais/CAEDU/','smb://192.168.1.249/Clientes/CAEDU/','smb://192.168.1.249/Clientes/CAEDU/','1');
INSERT INTO cidade VALUES(10014,(if((select count(idestado) as c from estado where sigla = 'RJ') > 0 , (select idestado from estado where sigla = 'RJ') , 25 ) ),'SÃO JOÃO DE MERITI');
INSERT INTO bairro VALUES(10014,10014,'CENTRO','RUA MARIA SOARES SENDAS, 111 - LOTE A - UNIDADE G','');
INSERT INTO cep VALUES(10014,10014,'25.575-825');
INSERT INTO endereco VALUES(10014,10014,'360','NÃO INFORMADO');
INSERT INTO cliente VALUES(10014,10014,'0','CASA SHOW','1','1','0','1','CASASHOW','1');
INSERT INTO dados_cliente VALUES(10014,10014,'13.655.492/0001-03','NÃO INFORMADO','CASA SHOW','0.00','2013-04-15','2035-12-31','1','0.00','smb://192.168.1.226/Programacao/SERVER/','smb://192.168.1.249/Clientes/CASASHOW/','smb://192.168.1.220/Comerciais/CASASHOW/','smb://192.168.1.249/Clientes/CASASHOW/','smb://192.168.1.249/Clientes/CASASHOW/','1');
INSERT INTO cidade VALUES(10015,(if((select count(idestado) as c from estado where sigla = 'SP') > 0 , (select idestado from estado where sigla = 'SP') , 25 ) ),'SÃO PAULO');
INSERT INTO bairro VALUES(10015,10015,'VILA OLÍMPIA','RUA OLIMPÍADAS','');
INSERT INTO cep VALUES(10015,10015,'04.551-000');
INSERT INTO endereco VALUES(10015,10015,'259','NÃO INFORMADO');
INSERT INTO cliente VALUES(10015,10015,'0','CATS HAIR','1','1','0','1','CATSHAIR','1');
INSERT INTO dados_cliente VALUES(10015,10015,'13.655.492/0001-03','NÃO INFORMADO','CATS HAIR','0.00','2011-03-21','2035-12-31','1','0.00','smb://192.168.1.226/Programacao/SERVER/','smb://192.168.1.249/Clientes/CATSHAIR/','smb://192.168.1.220/Comerciais/CATSHAIR/','smb://192.168.1.249/Clientes/CATSHAIR/','smb://192.168.1.249/Clientes/CATSHAIR/','1');
INSERT INTO cidade VALUES(10016,(if((select count(idestado) as c from estado where sigla = 'SP') > 0 , (select idestado from estado where sigla = 'SP') , 25 ) ),'SÃO PAULO');
INSERT INTO bairro VALUES(10016,10016,'BOM RETIRO','RUA PROFESSOR CESARE LOMBROSO ','');
INSERT INTO cep VALUES(10016,10016,'01.122-021');
INSERT INTO endereco VALUES(10016,10016,'3661','LADO ÍMPAR,  - LOJA 17');
INSERT INTO cliente VALUES(10016,10016,'0','CONFESSION','1','1','0','1','CONFESSION','1');
INSERT INTO dados_cliente VALUES(10016,10016,'13.655.492/0001-03','NÃO INFORMADO','CONFESSION','0.00','2013-02-01','2035-12-31','1','0.00','smb://192.168.1.226/Programacao/SERVER/','smb://192.168.1.249/Clientes/CONFESSION/','smb://192.168.1.220/Comerciais/CONFESSION/','smb://192.168.1.249/Clientes/CONFESSION/','smb://192.168.1.249/Clientes/CONFESSION/','1');
INSERT INTO cidade VALUES(10017,(if((select count(idestado) as c from estado where sigla = 'GO') > 0 , (select idestado from estado where sigla = 'GO') , 25 ) ),'ANÁPOLIS');
INSERT INTO bairro VALUES(10017,10017,'FAZENDA BARREIRO DO MEIO','RODOVIA BR 153','');
INSERT INTO cep VALUES(10017,10017,'75.132-400');
INSERT INTO endereco VALUES(10017,10017,'337','KM 2 - SALA 1');
INSERT INTO cliente VALUES(10017,10017,'0','DENALI HOTEL','1','1','0','1','DENALI','1');
INSERT INTO dados_cliente VALUES(10017,10017,'13.655.492/0001-03','NÃO INFORMADO','DENALI HOTEL','0.00','2014-03-10','2035-12-31','1','0.00','smb://192.168.1.226/Programacao/SERVER/','smb://192.168.1.249/Clientes/DENALI/','smb://192.168.1.220/Comerciais/DENALI/','smb://192.168.1.249/Clientes/DENALI/','smb://192.168.1.249/Clientes/DENALI/','1');
INSERT INTO cidade VALUES(10018,(if((select count(idestado) as c from estado where sigla = 'SP') > 0 , (select idestado from estado where sigla = 'SP') , 25 ) ),'SÃO PAULO');
INSERT INTO bairro VALUES(10018,10018,'REPÚBLICA','LARGO DO AROUCHE','');
INSERT INTO cep VALUES(10018,10018,'01.219-011');
INSERT INTO endereco VALUES(10018,10018,'3221','NÃO INFORMADO');
INSERT INTO cliente VALUES(10018,10018,'0','DIBS','1','1','0','1','DIBS','1');
INSERT INTO dados_cliente VALUES(10018,10018,'13.655.492/0001-03','NÃO INFORMADO','DIBS','0.00','2012-10-01','2035-12-31','1','0.00','smb://192.168.1.226/Programacao/SERVER/','smb://192.168.1.249/Clientes/DIBS/','smb://192.168.1.220/Comerciais/DIBS/','smb://192.168.1.249/Clientes/DIBS/','smb://192.168.1.249/Clientes/DIBS/','1');
INSERT INTO cidade VALUES(10019,(if((select count(idestado) as c from estado where sigla = 'GO') > 0 , (select idestado from estado where sigla = 'GO') , 25 ) ),'GOIÂNIA');
INSERT INTO bairro VALUES(10019,10019,'JARDIM GOIÁS','AVENIDA DEPUTADO JAMEL CECÍLIO','');
INSERT INTO cep VALUES(10019,10019,'74.810-100');
INSERT INTO endereco VALUES(10019,10019,'2559','QDB31 - LT. 17');
INSERT INTO cliente VALUES(10019,10019,'0','EMPORIO SACCARIA','1','1','0','1','SACCARIA','1');
INSERT INTO dados_cliente VALUES(10019,10019,'13.655.492/0001-03','NÃO INFORMADO','EMPORIO SACCARIA','0.00','2013-01-01','2035-12-31','1','0.00','smb://192.168.1.226/Programacao/SERVER/','smb://192.168.1.249/Clientes/SACCARIA/','smb://192.168.1.220/Comerciais/SACCARIA/','smb://192.168.1.249/Clientes/SACCARIA/','smb://192.168.1.249/Clientes/SACCARIA/','1');
INSERT INTO cidade VALUES(10020,(if((select count(idestado) as c from estado where sigla = 'SP') > 0 , (select idestado from estado where sigla = 'SP') , 25 ) ),'SÃO PAULO');
INSERT INTO bairro VALUES(10020,10020,'PINHEIROS','RUA TEODORO SAMPAIO','');
INSERT INTO cep VALUES(10020,10020,'05.405-250');
INSERT INTO endereco VALUES(10020,10020,'98','NÃO INFORMADO');
INSERT INTO cliente VALUES(10020,10020,'0','ESKALA','1','1','0','1','ESKALA','1');
INSERT INTO dados_cliente VALUES(10020,10020,'13.655.492/0001-03','NÃO INFORMADO','ESKALA','0.00','2013-08-01','2035-12-31','1','0.00','smb://192.168.1.226/Programacao/SERVER/','smb://192.168.1.249/Clientes/ESKALA/','smb://192.168.1.220/Comerciais/ESKALA/','smb://192.168.1.249/Clientes/ESKALA/','smb://192.168.1.249/Clientes/ESKALA/','1');
INSERT INTO cidade VALUES(10021,(if((select count(idestado) as c from estado where sigla = 'RJ') > 0 , (select idestado from estado where sigla = 'RJ') , 25 ) ),'TERESÓPOLIS');
INSERT INTO bairro VALUES(10021,10021,'VÁRZEA','RUA FRANCISCO SÁ','');
INSERT INTO cep VALUES(10021,10021,'25.953-010');
INSERT INTO endereco VALUES(10021,10021,'83','NÃO INFORMADO');
INSERT INTO cliente VALUES(10021,10021,'0','ETEL CALÇADOS (STEIN)','1','1','0','1','STEIN','1');
INSERT INTO dados_cliente VALUES(10021,10021,'13.655.492/0001-03','NÃO INFORMADO','ETEL CALÇADOS (STEIN)','0.00','2014-06-01','2035-12-31','1','0.00','smb://192.168.1.226/Programacao/SERVER/','smb://192.168.1.249/Clientes/STEIN/','smb://192.168.1.220/Comerciais/STEIN/','smb://192.168.1.249/Clientes/STEIN/','smb://192.168.1.249/Clientes/STEIN/','1');
INSERT INTO cidade VALUES(10022,(if((select count(idestado) as c from estado where sigla = 'RJ') > 0 , (select idestado from estado where sigla = 'RJ') , 25 ) ),'TERESÓPOLIS');
INSERT INTO bairro VALUES(10022,10022,'VÁRZEA','RUA FRANCISCO SÁ','');
INSERT INTO cep VALUES(10022,10022,'25.953-011');
INSERT INTO endereco VALUES(10022,10022,'1383','NÃO INFORMADO');
INSERT INTO cliente VALUES(10022,10022,'0','FEIRÃO DOS CALÇADOS (STEIN)','1','1','0','1','STEIN','1');
INSERT INTO dados_cliente VALUES(10022,10022,'13.655.492/0001-03','NÃO INFORMADO','FEIRÃO DOS CALÇADOS (STEIN)','0.00','2014-06-01','2035-12-31','1','0.00','smb://192.168.1.226/Programacao/SERVER/','smb://192.168.1.249/Clientes/STEIN/','smb://192.168.1.220/Comerciais/STEIN/','smb://192.168.1.249/Clientes/STEIN/','smb://192.168.1.249/Clientes/STEIN/','1');
INSERT INTO cidade VALUES(10023,(if((select count(idestado) as c from estado where sigla = 'GO') > 0 , (select idestado from estado where sigla = 'GO') , 25 ) ),'GOIÂNIA');
INSERT INTO bairro VALUES(10023,10023,'SETOR CAMPINAS','AVENIDA 24 DE OUTUBRO','');
INSERT INTO cep VALUES(10023,10023,'74.505-011');
INSERT INTO endereco VALUES(10023,10023,'NÃO INFORMADO','NÃO INFORMADO');
INSERT INTO cliente VALUES(10023,10023,'0','FLÁVIO"S','1','1','0','1','FLAVIOS','1');
INSERT INTO dados_cliente VALUES(10023,10023,'13.655.492/0001-03','NÃO INFORMADO','FLÁVIO"S','0.00','2012-12-22','2035-12-31','1','0.00','smb://192.168.1.226/Programacao/SERVER/','smb://192.168.1.249/Clientes/FLAVIOS/','smb://192.168.1.220/Comerciais/FLAVIOS/','smb://192.168.1.249/Clientes/FLAVIOS/','smb://192.168.1.249/Clientes/FLAVIOS/','1');
INSERT INTO cidade VALUES(10024,(if((select count(idestado) as c from estado where sigla = 'SC') > 0 , (select idestado from estado where sigla = 'SC') , 25 ) ),'PALHOÇA');
INSERT INTO bairro VALUES(10024,10024,'JARDIM ELDORADO','RUA RONEY HENRIQUE HEIDERSHIDT, SN','');
INSERT INTO cep VALUES(10024,10024,'88.130-000');
INSERT INTO endereco VALUES(10024,10024,'556','NÃO INFORMADO');
INSERT INTO cliente VALUES(10024,10024,'0','GABRIELA','1','1','0','1','GABRIELA','1');
INSERT INTO dados_cliente VALUES(10024,10024,'13.655.492/0001-03','NÃO INFORMADO','GABRIELA','0.00','2011-12-15','2035-12-31','1','0.00','smb://192.168.1.226/Programacao/SERVER/','smb://192.168.1.249/Clientes/GABRIELA/','smb://192.168.1.220/Comerciais/GABRIELA/','smb://192.168.1.249/Clientes/GABRIELA/','smb://192.168.1.249/Clientes/GABRIELA/','1');
INSERT INTO cidade VALUES(10025,(if((select count(idestado) as c from estado where sigla = 'MT') > 0 , (select idestado from estado where sigla = 'MT') , 25 ) ),'CUIABÁ');
INSERT INTO bairro VALUES(10025,10025,'CENTRO SUL','AVENIDA SENADOR METELO','');
INSERT INTO cep VALUES(10025,10025,'78.020-600');
INSERT INTO endereco VALUES(10025,10025,'1355','NÃO INFORMADO');
INSERT INTO cliente VALUES(10025,10025,'0','GIOVANNA','1','1','0','1','GIOVANNA','1');
INSERT INTO dados_cliente VALUES(10025,10025,'13.655.492/0001-03','NÃO INFORMADO','GIOVANNA','0.00','2011-02-18','2035-12-31','1','0.00','smb://192.168.1.226/Programacao/SERVER/','smb://192.168.1.249/Clientes/GIOVANNA/','smb://192.168.1.220/Comerciais/GIOVANNA/','smb://192.168.1.249/Clientes/GIOVANNA/','smb://192.168.1.249/Clientes/GIOVANNA/','1');
INSERT INTO cidade VALUES(10026,(if((select count(idestado) as c from estado where sigla = 'SP') > 0 , (select idestado from estado where sigla = 'SP') , 25 ) ),'SÃO PAULO');
INSERT INTO bairro VALUES(10026,10026,'VILA CLEMENTINO','RUA SENA MADUREIRA','');
INSERT INTO cep VALUES(10026,10026,'04.021-051');
INSERT INTO endereco VALUES(10026,10026,'2448','BLOCO I');
INSERT INTO cliente VALUES(10026,10026,'0','GRANDMERCURE','1','1','0','1','MERCURE','1');
INSERT INTO dados_cliente VALUES(10026,10026,'13.655.492/0001-03','NÃO INFORMADO','GRANDMERCURE','0.00','2013-04-01','2035-12-31','1','0.00','smb://192.168.1.226/Programacao/SERVER/','smb://192.168.1.249/Clientes/MERCURE/','smb://192.168.1.220/Comerciais/MERCURE/','smb://192.168.1.249/Clientes/MERCURE/','smb://192.168.1.249/Clientes/MERCURE/','1');
INSERT INTO cidade VALUES(10027,(if((select count(idestado) as c from estado where sigla = 'SC') > 0 , (select idestado from estado where sigla = 'SC') , 25 ) ),'BRUSQUE');
INSERT INTO bairro VALUES(10027,10027,'CENTRO','VIA RODOVIA ANTÔNIO HEIL','');
INSERT INTO cep VALUES(10027,10027,'88.353-100');
INSERT INTO endereco VALUES(10027,10027,'NÃO INFORMADO','DO KM 28,000 AO FIM, 200');
INSERT INTO cliente VALUES(10027,10027,'0','HAVAN','1','1','0','1','HAVAN','1');
INSERT INTO dados_cliente VALUES(10027,10027,'13.655.492/0001-03','NÃO INFORMADO','HAVAN','0.00','2013-04-23','2035-12-31','1','0.00','smb://192.168.1.226/Programacao/SERVER/','smb://192.168.1.249/Clientes/HAVAN/','smb://192.168.1.220/Comerciais/HAVAN/','smb://192.168.1.249/Clientes/HAVAN/','smb://192.168.1.249/Clientes/HAVAN/','1');
INSERT INTO cidade VALUES(10028,(if((select count(idestado) as c from estado where sigla = 'PR') > 0 , (select idestado from estado where sigla = 'PR') , 25 ) ),'CURITIBA');
INSERT INTO bairro VALUES(10028,10028,'CENTRO','AV. SETE DE SETEMBRO','');
INSERT INTO cep VALUES(10028,10028,'80.230-010');
INSERT INTO endereco VALUES(10028,10028,'NÃO INFORMADO','NÃO INFORMADO');
INSERT INTO cliente VALUES(10028,10028,'0','HOTEL VICTORIA VILLA','1','1','0','1','HOTELVV','1');
INSERT INTO dados_cliente VALUES(10028,10028,'13.655.492/0001-03','NÃO INFORMADO','HOTEL VICTORIA VILLA','0.00','2014-05-15','2035-12-31','1','0.00','smb://192.168.1.226/Programacao/SERVER/','smb://192.168.1.249/Clientes/HOTELVV/','smb://192.168.1.220/Comerciais/HOTELVV/','smb://192.168.1.249/Clientes/HOTELVV/','smb://192.168.1.249/Clientes/HOTELVV/','1');
INSERT INTO cidade VALUES(10029,(if((select count(idestado) as c from estado where sigla = 'SP') > 0 , (select idestado from estado where sigla = 'SP') , 25 ) ),'SÃO PAULO');
INSERT INTO bairro VALUES(10029,10029,'PINHEIROS','AV. NAÇÕES UNIDAS','');
INSERT INTO cep VALUES(10029,10029,'05.425-070 ');
INSERT INTO endereco VALUES(10029,10029,'NÃO INFORMADO','7.815 - 10º ANDAR');
INSERT INTO cliente VALUES(10029,10029,'0','IBIS ','1','1','0','1','IBIS','1');
INSERT INTO dados_cliente VALUES(10029,10029,'13.655.492/0001-03','NÃO INFORMADO','IBIS ','0.00','2013-12-01','2035-12-31','1','0.00','smb://192.168.1.226/Programacao/SERVER/','smb://192.168.1.249/Clientes/IBIS/','smb://192.168.1.220/Comerciais/IBIS/','smb://192.168.1.249/Clientes/IBIS/','smb://192.168.1.249/Clientes/IBIS/','1');
INSERT INTO cidade VALUES(10030,(if((select count(idestado) as c from estado where sigla = 'SP') > 0 , (select idestado from estado where sigla = 'SP') , 25 ) ),'SÃO PAULO');
INSERT INTO bairro VALUES(10030,10030,'PINHEIROS','AV. NAÇÕES UNIDAS','');
INSERT INTO cep VALUES(10030,10030,'05.425-070 ');
INSERT INTO endereco VALUES(10030,10030,'NÃO INFORMADO','7.815 - 10º ANDAR');
INSERT INTO cliente VALUES(10030,10030,'0','IBISSTYLES','1','1','0','1','IBISSTYLES','1');
INSERT INTO dados_cliente VALUES(10030,10030,'13.655.492/0001-03','NÃO INFORMADO','IBISSTYLES','0.00','2013-12-01','2035-12-31','1','0.00','smb://192.168.1.226/Programacao/SERVER/','smb://192.168.1.249/Clientes/IBISSTYLES/','smb://192.168.1.220/Comerciais/IBISSTYLES/','smb://192.168.1.249/Clientes/IBISSTYLES/','smb://192.168.1.249/Clientes/IBISSTYLES/','1');
INSERT INTO cidade VALUES(10031,(if((select count(idestado) as c from estado where sigla = 'SP') > 0 , (select idestado from estado where sigla = 'SP') , 25 ) ),'BRAGANÇA PAULISTA');
INSERT INTO bairro VALUES(10031,10031,'CENTRO','RUA CORONEL TEÓFILO LEME','');
INSERT INTO cep VALUES(10031,10031,'12.900-002');
INSERT INTO endereco VALUES(10031,10031,'1360','NÃO INFORMADO');
INSERT INTO cliente VALUES(10031,10031,'0','JERRAMJEANS','1','1','0','1','JERRAMJEANS','1');
INSERT INTO dados_cliente VALUES(10031,10031,'13.655.492/0001-03','NÃO INFORMADO','JERRAMJEANS','0.00','2011-04-01','2035-12-31','1','0.00','smb://192.168.1.226/Programacao/SERVER/','smb://192.168.1.249/Clientes/JERRAMJEANS/','smb://192.168.1.220/Comerciais/JERRAMJEANS/','smb://192.168.1.249/Clientes/JERRAMJEANS/','smb://192.168.1.249/Clientes/JERRAMJEANS/','1');
INSERT INTO cidade VALUES(10032,(if((select count(idestado) as c from estado where sigla = 'SP') > 0 , (select idestado from estado where sigla = 'SP') , 25 ) ),'SÃO PAULO');
INSERT INTO bairro VALUES(10032,10032,'BOM RETIRO','RUA AIMORÉS','');
INSERT INTO cep VALUES(10032,10032,'01.122-011');
INSERT INTO endereco VALUES(10032,10032,'75','NÃO INFORMADO');
INSERT INTO cliente VALUES(10032,10032,'0','JOFASHION','1','1','0','1','JOFASHION','1');
INSERT INTO dados_cliente VALUES(10032,10032,'13.655.492/0001-03','NÃO INFORMADO','JOFASHION','0.00','2014-02-01','2035-12-31','1','0.00','smb://192.168.1.226/Programacao/SERVER/','smb://192.168.1.249/Clientes/JOFASHION/','smb://192.168.1.220/Comerciais/JOFASHION/','smb://192.168.1.249/Clientes/JOFASHION/','smb://192.168.1.249/Clientes/JOFASHION/','1');
INSERT INTO cidade VALUES(10033,(if((select count(idestado) as c from estado where sigla = 'RS') > 0 , (select idestado from estado where sigla = 'RS') , 25 ) ),'IGREJINHA');
INSERT INTO bairro VALUES(10033,10033,'CENTRO','RUA 7 DE JULHO','');
INSERT INTO cep VALUES(10033,10033,'95.650-000');
INSERT INTO endereco VALUES(10033,10033,'416','NÃO INFORMADO');
INSERT INTO cliente VALUES(10033,10033,'0','JORGE BISCHOFF','1','1','0','1','JBISHOFF','1');
INSERT INTO dados_cliente VALUES(10033,10033,'13.655.492/0001-03','NÃO INFORMADO','JORGE BISCHOFF','0.00','2012-04-20','2035-12-31','1','0.00','smb://192.168.1.226/Programacao/SERVER/','smb://192.168.1.249/Clientes/JBISHOFF/','smb://192.168.1.220/Comerciais/JBISHOFF/','smb://192.168.1.249/Clientes/JBISHOFF/','smb://192.168.1.249/Clientes/JBISHOFF/','1');
INSERT INTO cidade VALUES(10034,(if((select count(idestado) as c from estado where sigla = 'SP') > 0 , (select idestado from estado where sigla = 'SP') , 25 ) ),'SÃO PAULO');
INSERT INTO bairro VALUES(10034,10034,'VL. OLÌMPIA','RUA DO RÓCIO','');
INSERT INTO cep VALUES(10034,10034,' 04.552-000');
INSERT INTO endereco VALUES(10034,10034,'267','NÃO INFORMADO');
INSERT INTO cliente VALUES(10034,10034,'0','KALLAN ','1','1','0','1','KALLAN','1');
INSERT INTO dados_cliente VALUES(10034,10034,'13.655.492/0001-03','NÃO INFORMADO','KALLAN ','0.00','2014-05-15','2035-12-31','1','0.00','smb://192.168.1.226/Programacao/SERVER/','smb://192.168.1.249/Clientes/KALLAN/','smb://192.168.1.220/Comerciais/KALLAN/','smb://192.168.1.249/Clientes/KALLAN/','smb://192.168.1.249/Clientes/KALLAN/','1');
INSERT INTO cidade VALUES(10035,(if((select count(idestado) as c from estado where sigla = 'GO') > 0 , (select idestado from estado where sigla = 'GO') , 25 ) ),'GOIÂNIA');
INSERT INTO bairro VALUES(10035,10035,'JD. GOIÁS','AVENIDA DEPUTADO JAMEL CECÍLIO','');
INSERT INTO cep VALUES(10035,10035,'74.810-100');
INSERT INTO endereco VALUES(10035,10035,'3300',' - SHOPPING FLAMBOYANT');
INSERT INTO cliente VALUES(10035,10035,'0','KANPAI BLUE RESTAURANTE','1','1','0','1','KANPAI','1');
INSERT INTO dados_cliente VALUES(10035,10035,'13.655.492/0001-03','NÃO INFORMADO','KANPAI BLUE RESTAURANTE','0.00','2014-04-01','2035-12-31','1','0.00','smb://192.168.1.226/Programacao/SERVER/','smb://192.168.1.249/Clientes/KANPAI/','smb://192.168.1.220/Comerciais/KANPAI/','smb://192.168.1.249/Clientes/KANPAI/','smb://192.168.1.249/Clientes/KANPAI/','1');
INSERT INTO cidade VALUES(10037,(if((select count(idestado) as c from estado where sigla = 'RJ') > 0 , (select idestado from estado where sigla = 'RJ') , 25 ) ),'RIO DE JANEIRO');
INSERT INTO bairro VALUES(10037,10037,'GLÓRIA','RUA DO RUSSEL','');
INSERT INTO cep VALUES(10037,10037,'22.210-010');
INSERT INTO endereco VALUES(10037,10037,'NÃO INFORMADO',' 804- 201, 301 E 302 ');
INSERT INTO cliente VALUES(10037,10037,'0','LEADER ','1','1','0','1','LEADER','1');
INSERT INTO dados_cliente VALUES(10037,10037,'13.655.492/0001-03','NÃO INFORMADO','LEADER ','0.00','2011-04-16','2035-12-31','1','0.00','smb://192.168.1.226/Programacao/SERVER/','smb://192.168.1.249/Clientes/LEADER/','smb://192.168.1.220/Comerciais/LEADER/','smb://192.168.1.249/Clientes/LEADER/','smb://192.168.1.249/Clientes/LEADER/','1');
INSERT INTO cidade VALUES(10038,(if((select count(idestado) as c from estado where sigla = 'SP') > 0 , (select idestado from estado where sigla = 'SP') , 25 ) ),'SÃO PAULO');
INSERT INTO bairro VALUES(10038,10038,'CERQUEIRA CÉSAR','RUA OSCAR FREIRE','');
INSERT INTO cep VALUES(10038,10038,'05.409-012');
INSERT INTO endereco VALUES(10038,10038,'2379','NÃO INFORMADO');
INSERT INTO cliente VALUES(10038,10038,'0','LEVI"S','1','1','0','1','LEVIS','1');
INSERT INTO dados_cliente VALUES(10038,10038,'13.655.492/0001-03','NÃO INFORMADO','LEVI"S','0.00','2013-04-01','2035-12-31','1','0.00','smb://192.168.1.226/Programacao/SERVER/','smb://192.168.1.249/Clientes/LEVIS/','smb://192.168.1.220/Comerciais/LEVIS/','smb://192.168.1.249/Clientes/LEVIS/','smb://192.168.1.249/Clientes/LEVIS/','1');
INSERT INTO cidade VALUES(10039,(if((select count(idestado) as c from estado where sigla = 'SP') > 0 , (select idestado from estado where sigla = 'SP') , 25 ) ),'CAMPINAS');
INSERT INTO bairro VALUES(10039,10039,'BOTAFOGO','RUA BARÃO GERALDO DE REZENDE, 220','');
INSERT INTO cep VALUES(10039,10039,'05.205-220');
INSERT INTO endereco VALUES(10039,10039,'NÃO INFORMADO','NÃO INFORMADO');
INSERT INTO cliente VALUES(10039,10039,'0','LINGUICERIA','1','1','0','1','LINGUICERIA','1');
INSERT INTO dados_cliente VALUES(10039,10039,'13.655.492/0001-03','NÃO INFORMADO','LINGUICERIA','0.00','2014-11-01','2035-12-31','1','0.00','smb://192.168.1.226/Programacao/SERVER/','smb://192.168.1.249/Clientes/LINGUICERIA/','smb://192.168.1.220/Comerciais/LINGUICERIA/','smb://192.168.1.249/Clientes/LINGUICERIA/','smb://192.168.1.249/Clientes/LINGUICERIA/','1');
INSERT INTO cidade VALUES(10040,(if((select count(idestado) as c from estado where sigla = 'SP') > 0 , (select idestado from estado where sigla = 'SP') , 25 ) ),'BARUERI');
INSERT INTO bairro VALUES(10040,10040,'ALPHAVILLE COMERCIAL','CALÇADA DAS HORTÊNCIAS, 12','');
INSERT INTO cep VALUES(10040,10040,'06.453-017');
INSERT INTO endereco VALUES(10040,10040,'NÃO INFORMADO','NÃO INFORMADO');
INSERT INTO cliente VALUES(10040,10040,'0','LIQUIDO','1','1','0','1','LIQUIDO','1');
INSERT INTO dados_cliente VALUES(10040,10040,'13.655.492/0001-03','NÃO INFORMADO','LIQUIDO','0.00','2014-07-01','2035-12-31','1','0.00','smb://192.168.1.226/Programacao/SERVER/','smb://192.168.1.249/Clientes/LIQUIDO/','smb://192.168.1.220/Comerciais/LIQUIDO/','smb://192.168.1.249/Clientes/LIQUIDO/','smb://192.168.1.249/Clientes/LIQUIDO/','1');
INSERT INTO cidade VALUES(10041,(if((select count(idestado) as c from estado where sigla = 'SP') > 0 , (select idestado from estado where sigla = 'SP') , 25 ) ),'SÃO PAULO');
INSERT INTO bairro VALUES(10041,10041,'PINHEIROS','RUA MATEUS GROU - LADO PAR','');
INSERT INTO cep VALUES(10041,10041,'05.415-040');
INSERT INTO endereco VALUES(10041,10041,'412','NÃO INFORMADO');
INSERT INTO cliente VALUES(10041,10041,'0','LITA MORTARI','1','1','0','1','LMORTARI','1');
INSERT INTO dados_cliente VALUES(10041,10041,'13.655.492/0001-03','NÃO INFORMADO','LITA MORTARI','0.00','2012-04-02','2035-12-31','1','0.00','smb://192.168.1.226/Programacao/SERVER/','smb://192.168.1.249/Clientes/LMORTARI/','smb://192.168.1.220/Comerciais/LMORTARI/','smb://192.168.1.249/Clientes/LMORTARI/','smb://192.168.1.249/Clientes/LMORTARI/','1');
INSERT INTO cidade VALUES(10042,(if((select count(idestado) as c from estado where sigla = 'RS') > 0 , (select idestado from estado where sigla = 'RS') , 25 ) ),'IGREJINHA');
INSERT INTO bairro VALUES(10042,10042,'CENTRO','RUA 7 DE JULHO','');
INSERT INTO cep VALUES(10042,10042,'95.650-000');
INSERT INTO endereco VALUES(10042,10042,'416','NÃO INFORMADO');
INSERT INTO cliente VALUES(10042,10042,'0','LOUCOS & SANTOS','1','1','0','1','00.000-00','1');
INSERT INTO dados_cliente VALUES(10042,10042,'13.655.492/0001-03','NÃO INFORMADO','LOUCOS & SANTOS','0.00','2013-07-20','2035-12-31','1','0.00','smb://192.168.1.226/Programacao/SERVER/','smb://192.168.1.249/Clientes/null/','smb://192.168.1.220/Comerciais/null/','smb://192.168.1.249/Clientes/null/','smb://192.168.1.249/Clientes/null/','1');
INSERT INTO cidade VALUES(10043,(if((select count(idestado) as c from estado where sigla = 'SP') > 0 , (select idestado from estado where sigla = 'SP') , 25 ) ),'SÃO PAULO');
INSERT INTO bairro VALUES(10043,10043,'CONSOLAÇÃO','AVENIDA ANGÉLICA','');
INSERT INTO cep VALUES(10043,10043,'01.227-200');
INSERT INTO endereco VALUES(10043,10043,'2163','8 ANDAR');
INSERT INTO cliente VALUES(10043,10043,'0','MAGIC FEET','1','1','0','1','AFFET','1');
INSERT INTO dados_cliente VALUES(10043,10043,'13.655.492/0001-03','NÃO INFORMADO','MAGIC FEET','0.00','2013-03-01','2035-12-31','1','0.00','smb://192.168.1.226/Programacao/SERVER/','smb://192.168.1.249/Clientes/AFFET/','smb://192.168.1.220/Comerciais/AFFET/','smb://192.168.1.249/Clientes/AFFET/','smb://192.168.1.249/Clientes/AFFET/','1');
INSERT INTO cidade VALUES(10044,(if((select count(idestado) as c from estado where sigla = 'SP') > 0 , (select idestado from estado where sigla = 'SP') , 25 ) ),'SÃO PAULO');
INSERT INTO bairro VALUES(10044,10044,'BARRA FUNDA','RUA JAMES HOLLAND','');
INSERT INTO cep VALUES(10044,10044,'01.138-901');
INSERT INTO endereco VALUES(10044,10044,'422','NÃO INFORMADO');
INSERT INTO cliente VALUES(10044,10044,'0','MARISA','1','1','0','1','MARISA','1');
INSERT INTO dados_cliente VALUES(10044,10044,'13.655.492/0001-03','NÃO INFORMADO','MARISA','0.00','2014-07-01','2035-12-31','1','0.00','smb://192.168.1.226/Programacao/SERVER/','smb://192.168.1.249/Clientes/MARISA/','smb://192.168.1.220/Comerciais/MARISA/','smb://192.168.1.249/Clientes/MARISA/','smb://192.168.1.249/Clientes/MARISA/','1');
INSERT INTO cidade VALUES(10045,(if((select count(idestado) as c from estado where sigla = 'SP') > 0 , (select idestado from estado where sigla = 'SP') , 25 ) ),'SÃO PAULO');
INSERT INTO bairro VALUES(10045,10045,'MORUMBI','AV ROQUE PETRONI JUNIOR','');
INSERT INTO cep VALUES(10045,10045,'04.707-000');
INSERT INTO endereco VALUES(10045,10045,'NÃO INFORMADO',' N° 1087 - LOJA 209/210 - SHOPPING MORUMBI');
INSERT INTO cliente VALUES(10045,10045,'0','MAXIOR RELOJOARIA','1','1','0','1','MAXIOR','1');
INSERT INTO dados_cliente VALUES(10045,10045,'13.655.492/0001-03','NÃO INFORMADO','MAXIOR RELOJOARIA','0.00','2014-01-01','2035-12-31','1','0.00','smb://192.168.1.226/Programacao/SERVER/','smb://192.168.1.249/Clientes/MAXIOR/','smb://192.168.1.220/Comerciais/MAXIOR/','smb://192.168.1.249/Clientes/MAXIOR/','smb://192.168.1.249/Clientes/MAXIOR/','1');
INSERT INTO cidade VALUES(10046,(if((select count(idestado) as c from estado where sigla = 'DF') > 0 , (select idestado from estado where sigla = 'DF') , 25 ) ),'BRASÍLIA');
INSERT INTO bairro VALUES(10046,10046,'SUL (ÁGUAS CLARAS)','AV DAS ARAUCÁRIAS','');
INSERT INTO cep VALUES(10046,10046,'71.936-250');
INSERT INTO endereco VALUES(10046,10046,'NÃO INFORMADO',', 1525, LOJA 34/36');
INSERT INTO cliente VALUES(10046,10046,'0','MAXSUSHI','1','1','0','1','MAXSUSHI','1');
INSERT INTO dados_cliente VALUES(10046,10046,'13.655.492/0001-03','NÃO INFORMADO','MAXSUSHI','0.00','2012-09-01','2035-12-31','1','0.00','smb://192.168.1.226/Programacao/SERVER/','smb://192.168.1.249/Clientes/MAXSUSHI/','smb://192.168.1.220/Comerciais/MAXSUSHI/','smb://192.168.1.249/Clientes/MAXSUSHI/','smb://192.168.1.249/Clientes/MAXSUSHI/','1');
INSERT INTO cidade VALUES(10047,(if((select count(idestado) as c from estado where sigla = 'MS') > 0 , (select idestado from estado where sigla = 'MS') , 25 ) ),'CAMPO GRANDE');
INSERT INTO bairro VALUES(10047,10047,'CENTRO','RUA QUATORZE DE JULHO','');
INSERT INTO cep VALUES(10047,10047,'79.002-331');
INSERT INTO endereco VALUES(10047,10047,'2285','NÃO INFORMADO');
INSERT INTO cliente VALUES(10047,10047,'0','MEGA JEANS','1','1','0','1','MEGAJEANS','1');
INSERT INTO dados_cliente VALUES(10047,10047,'13.655.492/0001-03','NÃO INFORMADO','MEGA JEANS','0.00','2013-05-20','2035-12-31','1','0.00','smb://192.168.1.226/Programacao/SERVER/','smb://192.168.1.249/Clientes/MEGAJEANS/','smb://192.168.1.220/Comerciais/MEGAJEANS/','smb://192.168.1.249/Clientes/MEGAJEANS/','smb://192.168.1.249/Clientes/MEGAJEANS/','1');
INSERT INTO cidade VALUES(10048,(if((select count(idestado) as c from estado where sigla = 'SP') > 0 , (select idestado from estado where sigla = 'SP') , 25 ) ),'SÃO PAULO');
INSERT INTO bairro VALUES(10048,10048,'PINHEIROS','AV. NAÇÕES UNIDAS','');
INSERT INTO cep VALUES(10048,10048,'05.425-070 ');
INSERT INTO endereco VALUES(10048,10048,'NÃO INFORMADO','7.815 - 10º ANDAR');
INSERT INTO cliente VALUES(10048,10048,'0','MERCURE','1','1','0','1','MERCURE','1');
INSERT INTO dados_cliente VALUES(10048,10048,'13.655.492/0001-03','NÃO INFORMADO','MERCURE','0.00','2013-04-01','2035-12-31','1','0.00','smb://192.168.1.226/Programacao/SERVER/','smb://192.168.1.249/Clientes/MERCURE/','smb://192.168.1.220/Comerciais/MERCURE/','smb://192.168.1.249/Clientes/MERCURE/','smb://192.168.1.249/Clientes/MERCURE/','1');
INSERT INTO cidade VALUES(10049,(if((select count(idestado) as c from estado where sigla = 'SP') > 0 , (select idestado from estado where sigla = 'SP') , 25 ) ),'BARUERI');
INSERT INTO bairro VALUES(10049,10049,'TAMBORÉ','AVENIDA PIRACEMA','');
INSERT INTO cep VALUES(10049,10049,'06.460-030');
INSERT INTO endereco VALUES(10049,10049,'669','LOJAS 44/45 - SHOPPING TAMBORÉ');
INSERT INTO cliente VALUES(10049,10049,'0','MIRANVILLE','1','1','0','1','MIRANVVILLE','1');
INSERT INTO dados_cliente VALUES(10049,10049,'13.655.492/0001-03','NÃO INFORMADO','MIRANVILLE','0.00','2011-11-01','2035-12-31','1','0.00','smb://192.168.1.226/Programacao/SERVER/','smb://192.168.1.249/Clientes/MIRANVVILLE/','smb://192.168.1.220/Comerciais/MIRANVVILLE/','smb://192.168.1.249/Clientes/MIRANVVILLE/','smb://192.168.1.249/Clientes/MIRANVVILLE/','1');
INSERT INTO cidade VALUES(10050,(if((select count(idestado) as c from estado where sigla = 'DF') > 0 , (select idestado from estado where sigla = 'DF') , 25 ) ),'BRASÍLIA');
INSERT INTO bairro VALUES(10050,10050,'SETOR DE HABITAÇÕES INDIVIDUAI','SHIS QI 11 BLOCO A, ','');
INSERT INTO cep VALUES(10050,10050,'71.625-500');
INSERT INTO endereco VALUES(10050,10050,'11','NÃO INFORMADO');
INSERT INTO cliente VALUES(10050,10050,'0','MIXED ','1','1','0','1','MIXED','1');
INSERT INTO dados_cliente VALUES(10050,10050,'13.655.492/0001-03','NÃO INFORMADO','MIXED ','0.00','2011-05-27','2035-12-31','1','0.00','smb://192.168.1.226/Programacao/SERVER/','smb://192.168.1.249/Clientes/MIXED/','smb://192.168.1.220/Comerciais/MIXED/','smb://192.168.1.249/Clientes/MIXED/','smb://192.168.1.249/Clientes/MIXED/','1');
INSERT INTO cidade VALUES(10051,(if((select count(idestado) as c from estado where sigla = 'RJ') > 0 , (select idestado from estado where sigla = 'RJ') , 25 ) ),'MAGÉ');
INSERT INTO bairro VALUES(10051,10051,'PIABETÁ','AVENIDA SANTOS DUMONT, 18','');
INSERT INTO cep VALUES(10051,10051,'25.915-000');
INSERT INTO endereco VALUES(10051,10051,'NÃO INFORMADO','NÃO INFORMADO');
INSERT INTO cliente VALUES(10051,10051,'0','NALIN','1','1','0','1','NALIN','1');
INSERT INTO dados_cliente VALUES(10051,10051,'13.655.492/0001-03','NÃO INFORMADO','NALIN','0.00','2012-04-01','2035-12-31','1','0.00','smb://192.168.1.226/Programacao/SERVER/','smb://192.168.1.249/Clientes/NALIN/','smb://192.168.1.220/Comerciais/NALIN/','smb://192.168.1.249/Clientes/NALIN/','smb://192.168.1.249/Clientes/NALIN/','1');
INSERT INTO cidade VALUES(10052,(if((select count(idestado) as c from estado where sigla = 'RJ') > 0 , (select idestado from estado where sigla = 'RJ') , 25 ) ),'MAGÉ');
INSERT INTO bairro VALUES(10052,10052,'CENTRO','RUA DR. SIQUEIRA, 137','');
INSERT INTO cep VALUES(10052,10052,'25.900-000');
INSERT INTO endereco VALUES(10052,10052,'NÃO INFORMADO','NÃO INFORMADO');
INSERT INTO cliente VALUES(10052,10052,'0','NALIN SHOPPING','1','1','0','1','NALINSHOPPING','1');
INSERT INTO dados_cliente VALUES(10052,10052,'13.655.492/0001-03','NÃO INFORMADO','NALIN SHOPPING','0.00','2013-08-21','2035-12-31','1','0.00','smb://192.168.1.226/Programacao/SERVER/','smb://192.168.1.249/Clientes/NALINSHOPPING/','smb://192.168.1.220/Comerciais/NALINSHOPPING/','smb://192.168.1.249/Clientes/NALINSHOPPING/','smb://192.168.1.249/Clientes/NALINSHOPPING/','1');
INSERT INTO cidade VALUES(10053,(if((select count(idestado) as c from estado where sigla = 'SP') > 0 , (select idestado from estado where sigla = 'SP') , 25 ) ),'SÃO PAULO');
INSERT INTO bairro VALUES(10053,10053,'LIBERDADE','RUA VERGUEIRO','');
INSERT INTO cep VALUES(10053,10053,'01.504-001');
INSERT INTO endereco VALUES(10053,10053,'943','NÃO INFORMADO');
INSERT INTO cliente VALUES(10053,10053,'0','NETSHOES','1','1','0','1','NETSHOES','1');
INSERT INTO dados_cliente VALUES(10053,10053,'13.655.492/0001-03','NÃO INFORMADO','NETSHOES','0.00','2013-07-05','2035-12-31','1','0.00','smb://192.168.1.226/Programacao/SERVER/','smb://192.168.1.249/Clientes/NETSHOES/','smb://192.168.1.220/Comerciais/NETSHOES/','smb://192.168.1.249/Clientes/NETSHOES/','smb://192.168.1.249/Clientes/NETSHOES/','1');
INSERT INTO cidade VALUES(10054,(if((select count(idestado) as c from estado where sigla = 'SP') > 0 , (select idestado from estado where sigla = 'SP') , 25 ) ),'SÃO PAULO');
INSERT INTO bairro VALUES(10054,10054,'VILA GUILHERME','AV ZAKI NARCHI','');
INSERT INTO cep VALUES(10054,10054,'02.029-000');
INSERT INTO endereco VALUES(10054,10054,'500','NÃO INFORMADO');
INSERT INTO cliente VALUES(10054,10054,'0','NOVOTEL ','1','1','0','1','00.000-00','1');
INSERT INTO dados_cliente VALUES(10054,10054,'13.655.492/0001-03','NÃO INFORMADO','NOVOTEL ','0.00','2012-08-01','2035-12-31','1','0.00','smb://192.168.1.226/Programacao/SERVER/','smb://192.168.1.249/Clientes/null/','smb://192.168.1.220/Comerciais/null/','smb://192.168.1.249/Clientes/null/','smb://192.168.1.249/Clientes/null/','1');
INSERT INTO cidade VALUES(10055,(if((select count(idestado) as c from estado where sigla = 'SP') > 0 , (select idestado from estado where sigla = 'SP') , 25 ) ),'CAMPINAS');
INSERT INTO bairro VALUES(10055,10055,'JARDIM SANTA MÔNICA','VIA RODOVIA DOM PEDRO I','');
INSERT INTO cep VALUES(10055,10055,'13.082-120');
INSERT INTO endereco VALUES(10055,10055,'NÃO INFORMADO',' KM, 140,5');
INSERT INTO cliente VALUES(10055,10055,'0','OBA HORTIFRUTI','1','1','0','1','OBA','1');
INSERT INTO dados_cliente VALUES(10055,10055,'13.655.492/0001-03','NÃO INFORMADO','OBA HORTIFRUTI','0.00','2013-08-01','2035-12-31','1','0.00','smb://192.168.1.226/Programacao/SERVER/','smb://192.168.1.249/Clientes/OBA/','smb://192.168.1.220/Comerciais/OBA/','smb://192.168.1.249/Clientes/OBA/','smb://192.168.1.249/Clientes/OBA/','1');
INSERT INTO cidade VALUES(10056,(if((select count(idestado) as c from estado where sigla = 'ES') > 0 , (select idestado from estado where sigla = 'ES') , 25 ) ),'SERRA');
INSERT INTO bairro VALUES(10056,10056,'PARQUE RESIDENCIAL LARANJEIRAS','AVENIDA EUDES SCHERRER DE SOUZA','');
INSERT INTO cep VALUES(10056,10056,'29.165-680');
INSERT INTO endereco VALUES(10056,10056,'NÃO INFORMADO',' N° 2001 - GALPÃO 09');
INSERT INTO cliente VALUES(10056,10056,'0','OK SUPER ATACADO','1','1','0','1','OKSATACADO','1');
INSERT INTO dados_cliente VALUES(10056,10056,'13.655.492/0001-03','NÃO INFORMADO','OK SUPER ATACADO','0.00','2013-11-15','2035-12-31','1','0.00','smb://192.168.1.226/Programacao/SERVER/','smb://192.168.1.249/Clientes/OKSATACADO/','smb://192.168.1.220/Comerciais/OKSATACADO/','smb://192.168.1.249/Clientes/OKSATACADO/','smb://192.168.1.249/Clientes/OKSATACADO/','1');
INSERT INTO cidade VALUES(10057,(if((select count(idestado) as c from estado where sigla = 'MT') > 0 , (select idestado from estado where sigla = 'MT') , 25 ) ),'CUIABÁ');
INSERT INTO bairro VALUES(10057,10057,'JARDIM DAS AMÉRICAS','AVENIDA HAITI','');
INSERT INTO cep VALUES(10057,10057,'78.060-634');
INSERT INTO endereco VALUES(10057,10057,'344','NÃO INFORMADO');
INSERT INTO cliente VALUES(10057,10057,'0','PADARIA AMERICA','1','1','0','1','PADARIAAMERICA','1');
INSERT INTO dados_cliente VALUES(10057,10057,'13.655.492/0001-03','NÃO INFORMADO','PADARIA AMERICA','0.00','2012-11-01','2035-12-31','1','0.00','smb://192.168.1.226/Programacao/SERVER/','smb://192.168.1.249/Clientes/PADARIAAMERICA/','smb://192.168.1.220/Comerciais/PADARIAAMERICA/','smb://192.168.1.249/Clientes/PADARIAAMERICA/','smb://192.168.1.249/Clientes/PADARIAAMERICA/','1');
INSERT INTO cidade VALUES(10058,(if((select count(idestado) as c from estado where sigla = 'SP') > 0 , (select idestado from estado where sigla = 'SP') , 25 ) ),'SOROCABA');
INSERT INTO bairro VALUES(10058,10058,'JARDIM SANTA ROSÁLIA','RUA APARECIDA, 322','');
INSERT INTO cep VALUES(10058,10058,'18.095-000');
INSERT INTO endereco VALUES(10058,10058,'NÃO INFORMADO','NÃO INFORMADO');
INSERT INTO cliente VALUES(10058,10058,'0','PADARIA SANTA ROSALIA','1','1','0','1','SANTAROSALIA','1');
INSERT INTO dados_cliente VALUES(10058,10058,'13.655.492/0001-03','NÃO INFORMADO','PADARIA SANTA ROSALIA','0.00','2012-11-06','2035-12-31','1','0.00','smb://192.168.1.226/Programacao/SERVER/','smb://192.168.1.249/Clientes/SANTAROSALIA/','smb://192.168.1.220/Comerciais/SANTAROSALIA/','smb://192.168.1.249/Clientes/SANTAROSALIA/','smb://192.168.1.249/Clientes/SANTAROSALIA/','1');
INSERT INTO cidade VALUES(10059,(if((select count(idestado) as c from estado where sigla = 'MT') > 0 , (select idestado from estado where sigla = 'MT') , 25 ) ),'CUIABÁ');
INSERT INTO bairro VALUES(10059,10059,'CENTRO SUL','TRAVESSA PAIAGUÁS','');
INSERT INTO cep VALUES(10059,10059,'78.020-280');
INSERT INTO endereco VALUES(10059,10059,'116','NÃO INFORMADO');
INSERT INTO cliente VALUES(10059,10059,'0','PAIOL ','1','1','0','1','00.000-00','1');
INSERT INTO dados_cliente VALUES(10059,10059,'13.655.492/0001-03','NÃO INFORMADO','PAIOL ','0.00','2011-10-17','2035-12-31','1','0.00','smb://192.168.1.226/Programacao/SERVER/','smb://192.168.1.249/Clientes/null/','smb://192.168.1.220/Comerciais/null/','smb://192.168.1.249/Clientes/null/','smb://192.168.1.249/Clientes/null/','1');
INSERT INTO cidade VALUES(10060,(if((select count(idestado) as c from estado where sigla = 'MS') > 0 , (select idestado from estado where sigla = 'MS') , 25 ) ),'CAMPO GRANDE');
INSERT INTO bairro VALUES(10060,10060,'CENTRO','RUA QUATORZE DE JULHO','');
INSERT INTO cep VALUES(10060,10060,'79.002-336');
INSERT INTO endereco VALUES(10060,10060,'2164','NÃO INFORMADO');
INSERT INTO cliente VALUES(10060,10060,'0','PASSARELA CALÇADOS','1','1','0','1','PASSARELA','1');
INSERT INTO dados_cliente VALUES(10060,10060,'13.655.492/0001-03','NÃO INFORMADO','PASSARELA CALÇADOS','0.00','2013-04-01','2035-12-31','1','0.00','smb://192.168.1.226/Programacao/SERVER/','smb://192.168.1.249/Clientes/PASSARELA/','smb://192.168.1.220/Comerciais/PASSARELA/','smb://192.168.1.249/Clientes/PASSARELA/','smb://192.168.1.249/Clientes/PASSARELA/','1');
INSERT INTO cidade VALUES(10061,(if((select count(idestado) as c from estado where sigla = 'MG') > 0 , (select idestado from estado where sigla = 'MG') , 25 ) ),'UBERLÂNDIA');
INSERT INTO bairro VALUES(10061,10061,'CENTRO','AVENIDA AFONSO PENA','');
INSERT INTO cep VALUES(10061,10061,'38.400-128');
INSERT INTO endereco VALUES(10061,10061,'119','SUBSOLO 1');
INSERT INTO cliente VALUES(10061,10061,'0','PATBO','1','1','0','1','PAGTBO','1');
INSERT INTO dados_cliente VALUES(10061,10061,'13.655.492/0001-03','NÃO INFORMADO','PATBO','0.00','2014-02-15','2035-12-31','1','0.00','smb://192.168.1.226/Programacao/SERVER/','smb://192.168.1.249/Clientes/PAGTBO/','smb://192.168.1.220/Comerciais/PAGTBO/','smb://192.168.1.249/Clientes/PAGTBO/','smb://192.168.1.249/Clientes/PAGTBO/','1');
INSERT INTO cidade VALUES(10062,(if((select count(idestado) as c from estado where sigla = 'SP') > 0 , (select idestado from estado where sigla = 'SP') , 25 ) ),'SÃO PAULO');
INSERT INTO bairro VALUES(10062,10062,'VILA SONIA','VIA RUA CORONEL OTAVIANO DA SILVEIRA','');
INSERT INTO cep VALUES(10062,10062,'05.522-010');
INSERT INTO endereco VALUES(10062,10062,'97','NÃO INFORMADO');
INSERT INTO cliente VALUES(10062,10062,'0','PEPPER','1','1','0','1','PEPPER','1');
INSERT INTO dados_cliente VALUES(10062,10062,'13.655.492/0001-03','NÃO INFORMADO','PEPPER','0.00','2012-10-04','2035-12-31','1','0.00','smb://192.168.1.226/Programacao/SERVER/','smb://192.168.1.249/Clientes/PEPPER/','smb://192.168.1.220/Comerciais/PEPPER/','smb://192.168.1.249/Clientes/PEPPER/','smb://192.168.1.249/Clientes/PEPPER/','1');
INSERT INTO cidade VALUES(10063,(if((select count(idestado) as c from estado where sigla = 'RJ') > 0 , (select idestado from estado where sigla = 'RJ') , 25 ) ),'TERESÓPOLIS');
INSERT INTO bairro VALUES(10063,10063,'VÁRZEA','RUA FRANCISCO SÁ','');
INSERT INTO cep VALUES(10063,10063,'25.953-011');
INSERT INTO endereco VALUES(10063,10063,'NÃO INFORMADO','NÃO INFORMADO');
INSERT INTO cliente VALUES(10063,10063,'0','PERALTA CALÇADOS (STEIN)','1','1','0','1','STEIN','1');
INSERT INTO dados_cliente VALUES(10063,10063,'13.655.492/0001-03','NÃO INFORMADO','PERALTA CALÇADOS (STEIN)','0.00','2014-06-01','2035-12-31','1','0.00','smb://192.168.1.226/Programacao/SERVER/','smb://192.168.1.249/Clientes/STEIN/','smb://192.168.1.220/Comerciais/STEIN/','smb://192.168.1.249/Clientes/STEIN/','smb://192.168.1.249/Clientes/STEIN/','1');
INSERT INTO cidade VALUES(10064,(if((select count(idestado) as c from estado where sigla = 'SP') > 0 , (select idestado from estado where sigla = 'SP') , 25 ) ),'SÃO PAULO');
INSERT INTO bairro VALUES(10064,10064,'CONSOLAÇÃO','RUA DA CONSOLAÇÃO','');
INSERT INTO cep VALUES(10064,10064,'01.301-100');
INSERT INTO endereco VALUES(10064,10064,'NÃO INFORMADO','DE 1101 A 2459 - LADO ÍMPAR, 2387 - 2411');
INSERT INTO cliente VALUES(10064,10064,'0','PERNAMBUCANAS ','1','1','0','1','PERNAMBUCANAS','1');
INSERT INTO dados_cliente VALUES(10064,10064,'13.655.492/0001-03','NÃO INFORMADO','PERNAMBUCANAS ','0.00','null','2035-12-31','1','0.00','smb://192.168.1.226/Programacao/SERVER/','smb://192.168.1.249/Clientes/PERNAMBUCANAS/','smb://192.168.1.220/Comerciais/PERNAMBUCANAS/','smb://192.168.1.249/Clientes/PERNAMBUCANAS/','smb://192.168.1.249/Clientes/PERNAMBUCANAS/','1');
INSERT INTO cidade VALUES(10065,(if((select count(idestado) as c from estado where sigla = 'RS') > 0 , (select idestado from estado where sigla = 'RS') , 25 ) ),'PORTO ALEGRE');
INSERT INTO bairro VALUES(10065,10065,'PETRÓPOLIS','AVENIDA IPIRANGA','');
INSERT INTO cep VALUES(10065,10065,'90.610-000');
INSERT INTO endereco VALUES(10065,10065,'51','NÃO INFORMADO');
INSERT INTO cliente VALUES(10065,10065,'0','PEUGEOTL','1','1','0','1','PEUGEOTL','1');
INSERT INTO dados_cliente VALUES(10065,10065,'13.655.492/0001-03','NÃO INFORMADO','PEUGEOTL','0.00','2013-04-15','2035-12-31','1','0.00','smb://192.168.1.226/Programacao/SERVER/','smb://192.168.1.249/Clientes/PEUGEOTL/','smb://192.168.1.220/Comerciais/PEUGEOTL/','smb://192.168.1.249/Clientes/PEUGEOTL/','smb://192.168.1.249/Clientes/PEUGEOTL/','1');
INSERT INTO cidade VALUES(10066,(if((select count(idestado) as c from estado where sigla = 'SP') > 0 , (select idestado from estado where sigla = 'SP') , 25 ) ),'SÃO PAULO');
INSERT INTO bairro VALUES(10066,10066,'JARDIM AMÉRICA','ALAMEDA GABRIEL MONTEIRO DA SILVA','');
INSERT INTO cep VALUES(10066,10066,'01.442-001');
INSERT INTO endereco VALUES(10066,10066,'5570','DE 1358 A 2298 - LADO PAR, 1950 E');
INSERT INTO cliente VALUES(10066,10066,'0','PHENICIA ','1','1','0','1','PHENICIA','1');
INSERT INTO dados_cliente VALUES(10066,10066,'13.655.492/0001-03','NÃO INFORMADO','PHENICIA ','0.00','2011-06-01','2035-12-31','1','0.00','smb://192.168.1.226/Programacao/SERVER/','smb://192.168.1.249/Clientes/PHENICIA/','smb://192.168.1.220/Comerciais/PHENICIA/','smb://192.168.1.249/Clientes/PHENICIA/','smb://192.168.1.249/Clientes/PHENICIA/','1');
INSERT INTO cidade VALUES(10068,(if((select count(idestado) as c from estado where sigla = 'SP') > 0 , (select idestado from estado where sigla = 'SP') , 25 ) ),'SÃO PAULO');
INSERT INTO bairro VALUES(10068,10068,'PARAÍSO','RUA ABÍLIO SOARES','');
INSERT INTO cep VALUES(10068,10068,'04.005-003');
INSERT INTO endereco VALUES(10068,10068,'876','NÃO INFORMADO');
INSERT INTO cliente VALUES(10068,10068,'0','PUSCO','1','1','0','1','PUSCO','1');
INSERT INTO dados_cliente VALUES(10068,10068,'13.655.492/0001-03','NÃO INFORMADO','PUSCO','0.00','2012-03-01','2035-12-31','1','0.00','smb://192.168.1.226/Programacao/SERVER/','smb://192.168.1.249/Clientes/PUSCO/','smb://192.168.1.220/Comerciais/PUSCO/','smb://192.168.1.249/Clientes/PUSCO/','smb://192.168.1.249/Clientes/PUSCO/','1');
INSERT INTO cidade VALUES(10069,(if((select count(idestado) as c from estado where sigla = 'SP') > 0 , (select idestado from estado where sigla = 'SP') , 25 ) ),'SÃO PAULO');
INSERT INTO bairro VALUES(10069,10069,'VILA MADALENA','RUA PASCOAL VITA','');
INSERT INTO cep VALUES(10069,10069,'05.445-000');
INSERT INTO endereco VALUES(10069,10069,'329','NÃO INFORMADO');
INSERT INTO cliente VALUES(10069,10069,'0','RODÓ RESTAURANTE','1','1','0','1','RODO','1');
INSERT INTO dados_cliente VALUES(10069,10069,'13.655.492/0001-03','NÃO INFORMADO','RODÓ RESTAURANTE','0.00','2013-08-01','2035-12-31','1','0.00','smb://192.168.1.226/Programacao/SERVER/','smb://192.168.1.249/Clientes/RODO/','smb://192.168.1.220/Comerciais/RODO/','smb://192.168.1.249/Clientes/RODO/','smb://192.168.1.249/Clientes/RODO/','1');
INSERT INTO cidade VALUES(10070,(if((select count(idestado) as c from estado where sigla = 'SP') > 0 , (select idestado from estado where sigla = 'SP') , 25 ) ),'SÃO PAULO');
INSERT INTO bairro VALUES(10070,10070,'CERQUEIRA CÉSAR','RUA OSCAR FREIRE','');
INSERT INTO cep VALUES(10070,10070,'01.426-001');
INSERT INTO endereco VALUES(10070,10070,'1143','NÃO INFORMADO');
INSERT INTO cliente VALUES(10070,10070,'0','SERGIOK ','1','1','0','1','SERGIOK','1');
INSERT INTO dados_cliente VALUES(10070,10070,'13.655.492/0001-03','NÃO INFORMADO','SERGIOK ','0.00','null','2035-12-31','1','0.00','smb://192.168.1.226/Programacao/SERVER/','smb://192.168.1.249/Clientes/SERGIOK/','smb://192.168.1.220/Comerciais/SERGIOK/','smb://192.168.1.249/Clientes/SERGIOK/','smb://192.168.1.249/Clientes/SERGIOK/','1');
INSERT INTO cidade VALUES(10071,(if((select count(idestado) as c from estado where sigla = 'MG') > 0 , (select idestado from estado where sigla = 'MG') , 25 ) ),'MONTES CLAROS');
INSERT INTO bairro VALUES(10071,10071,'CIDADE NOVA','AVENIDA DONATO QUINTINO','');
INSERT INTO cep VALUES(10071,10071,'39.400-546');
INSERT INTO endereco VALUES(10071,10071,'90','NÃO INFORMADO');
INSERT INTO cliente VALUES(10071,10071,'0','SHOPPING MONTES CLAROS','1','1','0','1','SHMONTESCLAROS','1');
INSERT INTO dados_cliente VALUES(10071,10071,'13.655.492/0001-03','NÃO INFORMADO','SHOPPING MONTES CLAROS','0.00','2013-03-01','2035-12-31','1','0.00','smb://192.168.1.226/Programacao/SERVER/','smb://192.168.1.249/Clientes/SHMONTESCLAROS/','smb://192.168.1.220/Comerciais/SHMONTESCLAROS/','smb://192.168.1.249/Clientes/SHMONTESCLAROS/','smb://192.168.1.249/Clientes/SHMONTESCLAROS/','1');
INSERT INTO cidade VALUES(10072,(if((select count(idestado) as c from estado where sigla = 'SC') > 0 , (select idestado from estado where sigla = 'SC') , 25 ) ),'PALHOÇA');
INSERT INTO bairro VALUES(10072,10072,'JARDIM ELDORADO','RUA RONEY HENRIQUE HEIDERSHIDT, SN','');
INSERT INTO cep VALUES(10072,10072,'88.130-000');
INSERT INTO endereco VALUES(10072,10072,'NÃO INFORMADO','NÃO INFORMADO');
INSERT INTO cliente VALUES(10072,10072,'0','STUDIOZ','1','1','0','1','GABRIELA','1');
INSERT INTO dados_cliente VALUES(10072,10072,'13.655.492/0001-03','NÃO INFORMADO','STUDIOZ','0.00','2011-12-15','2035-12-31','1','0.00','smb://192.168.1.226/Programacao/SERVER/','smb://192.168.1.249/Clientes/GABRIELA/','smb://192.168.1.220/Comerciais/GABRIELA/','smb://192.168.1.249/Clientes/GABRIELA/','smb://192.168.1.249/Clientes/GABRIELA/','1');
INSERT INTO cidade VALUES(10073,(if((select count(idestado) as c from estado where sigla = 'SP') > 0 , (select idestado from estado where sigla = 'SP') , 25 ) ),'LINS');
INSERT INTO bairro VALUES(10073,10073,'CENTRO','RUA FLORIANO PEIXOTO','');
INSERT INTO cep VALUES(10073,10073,'16.400-101');
INSERT INTO endereco VALUES(10073,10073,'NÃO INFORMADO','NÃO INFORMADO');
INSERT INTO cliente VALUES(10073,10073,'0','TANGER','1','1','0','1','TANGER','1');
INSERT INTO dados_cliente VALUES(10073,10073,'13.655.492/0001-03','NÃO INFORMADO','TANGER','0.00','2013-11-01','2035-12-31','1','0.00','smb://192.168.1.226/Programacao/SERVER/','smb://192.168.1.249/Clientes/TANGER/','smb://192.168.1.220/Comerciais/TANGER/','smb://192.168.1.249/Clientes/TANGER/','smb://192.168.1.249/Clientes/TANGER/','1');
INSERT INTO cidade VALUES(10074,(if((select count(idestado) as c from estado where sigla = 'GO') > 0 , (select idestado from estado where sigla = 'GO') , 25 ) ),'APARECIDA DE GOIÂNIA');
INSERT INTO bairro VALUES(10074,10074,'VILA BRASÍLIA COMPLEMENTO','RUA TAPAUÁ, SN','');
INSERT INTO cep VALUES(10074,10074,'74.911-815');
INSERT INTO endereco VALUES(10074,10074,'1777','LOTE 06 A 15, QUADRA 02, SALA 01');
INSERT INTO cliente VALUES(10074,10074,'0','TENDTUDO','1','1','0','1','TENDTUDO','1');
INSERT INTO dados_cliente VALUES(10074,10074,'13.655.492/0001-03','NÃO INFORMADO','TENDTUDO','0.00','2013-04-15','2035-12-31','1','0.00','smb://192.168.1.226/Programacao/SERVER/','smb://192.168.1.249/Clientes/TENDTUDO/','smb://192.168.1.220/Comerciais/TENDTUDO/','smb://192.168.1.249/Clientes/TENDTUDO/','smb://192.168.1.249/Clientes/TENDTUDO/','1');
INSERT INTO cidade VALUES(10075,(if((select count(idestado) as c from estado where sigla = 'SP') > 0 , (select idestado from estado where sigla = 'SP') , 25 ) ),'SÃO PAULO');
INSERT INTO bairro VALUES(10075,10075,'CONSOLAÇÃO','AVENIDA ANGÉLICA','');
INSERT INTO cep VALUES(10075,10075,'01.227-200');
INSERT INTO endereco VALUES(10075,10075,'2163','8 ANDAR');
INSERT INTO cliente VALUES(10075,10075,'0','TENNIS EXPRESS','1','1','0','1','AFEET','1');
INSERT INTO dados_cliente VALUES(10075,10075,'13.655.492/0001-03','NÃO INFORMADO','TENNIS EXPRESS','0.00','2013-03-01','2035-12-31','1','0.00','smb://192.168.1.226/Programacao/SERVER/','smb://192.168.1.249/Clientes/AFEET/','smb://192.168.1.220/Comerciais/AFEET/','smb://192.168.1.249/Clientes/AFEET/','smb://192.168.1.249/Clientes/AFEET/','1');
INSERT INTO cidade VALUES(10076,(if((select count(idestado) as c from estado where sigla = 'SP') > 0 , (select idestado from estado where sigla = 'SP') , 25 ) ),'VOTORANTIM');
INSERT INTO bairro VALUES(10076,10076,'PARQUE BELA VISTA','AVENIDA GISELE CONSTANTINO','');
INSERT INTO cep VALUES(10076,10076,'18.110-650');
INSERT INTO endereco VALUES(10076,10076,'1800','LOJA 261-262 - PISO SOROCABA');
INSERT INTO cliente VALUES(10076,10076,'0','THE BEAUTY BOX','1','1','0','1','BEAUTYBOX','1');
INSERT INTO dados_cliente VALUES(10076,10076,'13.655.492/0001-03','NÃO INFORMADO','THE BEAUTY BOX','0.00','2013-07-15','2035-12-31','1','0.00','smb://192.168.1.226/Programacao/SERVER/','smb://192.168.1.249/Clientes/BEAUTYBOX/','smb://192.168.1.220/Comerciais/BEAUTYBOX/','smb://192.168.1.249/Clientes/BEAUTYBOX/','smb://192.168.1.249/Clientes/BEAUTYBOX/','1');
INSERT INTO cidade VALUES(10077,(if((select count(idestado) as c from estado where sigla = 'SP') > 0 , (select idestado from estado where sigla = 'SP') , 25 ) ),'SÃO PAULO');
INSERT INTO bairro VALUES(10077,10077,'ITAIM BIBI','RUA TENENTE NEGRÃO','');
INSERT INTO cep VALUES(10077,10077,'04.530-030');
INSERT INTO endereco VALUES(10077,10077,'200','NÃO INFORMADO');
INSERT INTO cliente VALUES(10077,10077,'0','THE CAPITAL FLAT','1','1','0','1','FLATTC','1');
INSERT INTO dados_cliente VALUES(10077,10077,'13.655.492/0001-03','NÃO INFORMADO','THE CAPITAL FLAT','0.00','2011-10-01','2035-12-31','1','0.00','smb://192.168.1.226/Programacao/SERVER/','smb://192.168.1.249/Clientes/FLATTC/','smb://192.168.1.220/Comerciais/FLATTC/','smb://192.168.1.249/Clientes/FLATTC/','smb://192.168.1.249/Clientes/FLATTC/','1');
INSERT INTO cidade VALUES(10078,(if((select count(idestado) as c from estado where sigla = 'MT') > 0 , (select idestado from estado where sigla = 'MT') , 25 ) ),'CUIABÁ');
INSERT INTO bairro VALUES(10078,10078,'GOIABEIRAS','AVENIDA ISAAC PÓVOAS','');
INSERT INTO cep VALUES(10078,10078,'78.032-015');
INSERT INTO endereco VALUES(10078,10078,'1039','NÃO INFORMADO');
INSERT INTO cliente VALUES(10078,10078,'0','TODESCHINI','1','1','0','1','TODESCHINI','1');
INSERT INTO dados_cliente VALUES(10078,10078,'13.655.492/0001-03','NÃO INFORMADO','TODESCHINI','0.00','2012-09-10','2035-12-31','1','0.00','smb://192.168.1.226/Programacao/SERVER/','smb://192.168.1.249/Clientes/TODESCHINI/','smb://192.168.1.220/Comerciais/TODESCHINI/','smb://192.168.1.249/Clientes/TODESCHINI/','smb://192.168.1.249/Clientes/TODESCHINI/','1');
INSERT INTO cidade VALUES(10079,(if((select count(idestado) as c from estado where sigla = 'MT') > 0 , (select idestado from estado where sigla = 'MT') , 25 ) ),'CUIABÁ');
INSERT INTO bairro VALUES(10079,10079,'POÇÃO','AVENIDA FERNANDO CORREA','');
INSERT INTO cep VALUES(10079,10079,'78.015-600');
INSERT INTO endereco VALUES(10079,10079,'1100','NÃO INFORMADO');
INSERT INTO cliente VALUES(10079,10079,'0','TODESCHINIFC','1','1','0','1','TODESCHINIFC','1');
INSERT INTO dados_cliente VALUES(10079,10079,'13.655.492/0001-03','NÃO INFORMADO','TODESCHINIFC','0.00','2012-09-10','2035-12-31','1','0.00','smb://192.168.1.226/Programacao/SERVER/','smb://192.168.1.249/Clientes/TODESCHINIFC/','smb://192.168.1.220/Comerciais/TODESCHINIFC/','smb://192.168.1.249/Clientes/TODESCHINIFC/','smb://192.168.1.249/Clientes/TODESCHINIFC/','1');
INSERT INTO cidade VALUES(10080,(if((select count(idestado) as c from estado where sigla = 'SP') > 0 , (select idestado from estado where sigla = 'SP') , 25 ) ),'SÃO JOSÉ DOS CAMPOS');
INSERT INTO bairro VALUES(10080,10080,'CENTRO','RUA SETE DE SETEMBRO','');
INSERT INTO cep VALUES(10080,10080,'12.210-260');
INSERT INTO endereco VALUES(10080,10080,'211','NÃO INFORMADO');
INSERT INTO cliente VALUES(10080,10080,'0','TORRA TORRA','1','1','0','1','TORRATORRA','1');
INSERT INTO dados_cliente VALUES(10080,10080,'13.655.492/0001-03','NÃO INFORMADO','TORRA TORRA','0.00','2014-05-01','2035-12-31','1','0.00','smb://192.168.1.226/Programacao/SERVER/','smb://192.168.1.249/Clientes/TORRATORRA/','smb://192.168.1.220/Comerciais/TORRATORRA/','smb://192.168.1.249/Clientes/TORRATORRA/','smb://192.168.1.249/Clientes/TORRATORRA/','1');
INSERT INTO cidade VALUES(10081,(if((select count(idestado) as c from estado where sigla = 'GO') > 0 , (select idestado from estado where sigla = 'GO') , 25 ) ),'JATAÍ');
INSERT INTO bairro VALUES(10081,10081,'SETOR CENTRAL','AVENIDA GOIÁS','');
INSERT INTO cep VALUES(10081,10081,'75.800-012');
INSERT INTO endereco VALUES(10081,10081,'843','NÃO INFORMADO');
INSERT INTO cliente VALUES(10081,10081,'0','TRANSATOM','1','1','0','1','TRANSATOM','1');
INSERT INTO dados_cliente VALUES(10081,10081,'13.655.492/0001-03','NÃO INFORMADO','TRANSATOM','0.00','2014-02-01','2035-12-31','1','0.00','smb://192.168.1.226/Programacao/SERVER/','smb://192.168.1.249/Clientes/TRANSATOM/','smb://192.168.1.220/Comerciais/TRANSATOM/','smb://192.168.1.249/Clientes/TRANSATOM/','smb://192.168.1.249/Clientes/TRANSATOM/','1');
INSERT INTO cidade VALUES(10082,(if((select count(idestado) as c from estado where sigla = 'RJ') > 0 , (select idestado from estado where sigla = 'RJ') , 25 ) ),'TERESÓPOLIS');
INSERT INTO bairro VALUES(10082,10082,'VÁRZEA','RUA FRANCISCO SÁ','');
INSERT INTO cep VALUES(10082,10082,'25.953-010');
INSERT INTO endereco VALUES(10082,10082,'98','NÃO INFORMADO');
INSERT INTO cliente VALUES(10082,10082,'0','VOGUE CALÇADOS (STEIN)','1','1','0','1','STEIN','1');
INSERT INTO dados_cliente VALUES(10082,10082,'13.655.492/0001-03','NÃO INFORMADO','VOGUE CALÇADOS (STEIN)','0.00','2014-06-01','2035-12-31','1','0.00','smb://192.168.1.226/Programacao/SERVER/','smb://192.168.1.249/Clientes/STEIN/','smb://192.168.1.220/Comerciais/STEIN/','smb://192.168.1.249/Clientes/STEIN/','smb://192.168.1.249/Clientes/STEIN/','1');
INSERT INTO cidade VALUES(10083,(if((select count(idestado) as c from estado where sigla = 'RJ') > 0 , (select idestado from estado where sigla = 'RJ') , 25 ) ),'TERESÓPOLIS');
INSERT INTO bairro VALUES(10083,10083,'VÁRZEA','RUA FRANCISCO SÁ','');
INSERT INTO cep VALUES(10083,10083,'25.953-011');
INSERT INTO endereco VALUES(10083,10083,'151','NÃO INFORMADO');
INSERT INTO cliente VALUES(10083,10083,'0','VOGUE SPORT (STEIN)','1','1','0','1','STEIN','1');
INSERT INTO dados_cliente VALUES(10083,10083,'13.655.492/0001-03','NÃO INFORMADO','VOGUE SPORT (STEIN)','0.00','2014-06-01','2035-12-31','1','0.00','smb://192.168.1.226/Programacao/SERVER/','smb://192.168.1.249/Clientes/STEIN/','smb://192.168.1.220/Comerciais/STEIN/','smb://192.168.1.249/Clientes/STEIN/','smb://192.168.1.249/Clientes/STEIN/','1');
INSERT INTO cidade VALUES(10084,(if((select count(idestado) as c from estado where sigla = 'MG') > 0 , (select idestado from estado where sigla = 'MG') , 25 ) ),'BELO HORIZONTE');
INSERT INTO bairro VALUES(10084,10084,'SION','RUA GRÃO MOGOL','');
INSERT INTO cep VALUES(10084,10084,'30.315-600');
INSERT INTO endereco VALUES(10084,10084,'1045','NÃO INFORMADO');
INSERT INTO cliente VALUES(10084,10084,'0','YUKAI','1','1','0','1','YUKAI','1');
INSERT INTO dados_cliente VALUES(10084,10084,'13.655.492/0001-03','NÃO INFORMADO','YUKAI','0.00','2012-04-01','2035-12-31','1','0.00','smb://192.168.1.226/Programacao/SERVER/','smb://192.168.1.249/Clientes/YUKAI/','smb://192.168.1.220/Comerciais/YUKAI/','smb://192.168.1.249/Clientes/YUKAI/','smb://192.168.1.249/Clientes/YUKAI/','1');
INSERT INTO cidade VALUES('30001',(if((select count(idestado) as c from estado where sigla = 'NÃO INFORMADO') > 0 , (select idestado from estado where sigla = 'NÃO INFORMADO') , 25 ) ),'NÃO INFORMADO');
INSERT INTO bairro VALUES('30001','30001','NÃO INFORMADO','NÃO INFORMADO','');
INSERT INTO cep VALUES('30001','30001','NÃO INFORMADO');
INSERT INTO endereco VALUES('30001','30001','NÃO INFORMADO','NÃO INFORMADO');
INSERT INTO cliente VALUES('20001','30001','10000','MATRIZ','0','1','0','1','IMP01','1');
INSERT INTO dados_cliente VALUES('20001','20001','13.655.492/0001-03','NÃO INFORMADO','MATRIZ','0.00','null','null','1','0.00','smb://192.168.1.226/Programacao/SERVER/','smb://192.168.1.249/Clientes/IMP01/','smb://192.168.1.220/Comerciais/IMP01/','smb://192.168.1.249/Clientes/IMP01/','smb://192.168.1.249/Clientes/IMP01/','1');
INSERT INTO cidade VALUES('30002',(if((select count(idestado) as c from estado where sigla = 'NÃO INFORMADO') > 0 , (select idestado from estado where sigla = 'NÃO INFORMADO') , 25 ) ),'NÃO INFORMADO');
INSERT INTO bairro VALUES('30002','30002','NÃO INFORMADO','NÃO INFORMADO','');
INSERT INTO cep VALUES('30002','30002','NÃO INFORMADO');
INSERT INTO endereco VALUES('30002','30002','NÃO INFORMADO','NÃO INFORMADO');
INSERT INTO cliente VALUES('20002','30002','10000','MADUREIRA','0','1','0','1','IMP02','1');
INSERT INTO dados_cliente VALUES('20002','20002','13.655.492/0001-03','NÃO INFORMADO','MADUREIRA','0.00','null','null','1','0.00','smb://192.168.1.226/Programacao/SERVER/','smb://192.168.1.249/Clientes/IMP02/','smb://192.168.1.220/Comerciais/IMP02/','smb://192.168.1.249/Clientes/IMP02/','smb://192.168.1.249/Clientes/IMP02/','1');
INSERT INTO cidade VALUES('30003',(if((select count(idestado) as c from estado where sigla = 'NÃO INFORMADO') > 0 , (select idestado from estado where sigla = 'NÃO INFORMADO') , 25 ) ),'NÃO INFORMADO');
INSERT INTO bairro VALUES('30003','30003','NÃO INFORMADO','NÃO INFORMADO','');
INSERT INTO cep VALUES('30003','30003','NÃO INFORMADO');
INSERT INTO endereco VALUES('30003','30003','NÃO INFORMADO','NÃO INFORMADO');
INSERT INTO cliente VALUES('20003','30003','10000','CAXIAS','0','1','0','1','IMP03','1');
INSERT INTO dados_cliente VALUES('20003','20003','13.655.492/0001-03','NÃO INFORMADO','CAXIAS','0.00','null','null','1','0.00','smb://192.168.1.226/Programacao/SERVER/','smb://192.168.1.249/Clientes/IMP03/','smb://192.168.1.220/Comerciais/IMP03/','smb://192.168.1.249/Clientes/IMP03/','smb://192.168.1.249/Clientes/IMP03/','1');
INSERT INTO cidade VALUES('30004',(if((select count(idestado) as c from estado where sigla = 'NÃO INFORMADO') > 0 , (select idestado from estado where sigla = 'NÃO INFORMADO') , 25 ) ),'NÃO INFORMADO');
INSERT INTO bairro VALUES('30004','30004','NÃO INFORMADO','NÃO INFORMADO','');
INSERT INTO cep VALUES('30004','30004','NÃO INFORMADO');
INSERT INTO endereco VALUES('30004','30004','NÃO INFORMADO','NÃO INFORMADO');
INSERT INTO cliente VALUES('20004','30004','10000','NITERÓI','0','1','0','1','IMP04','1');
INSERT INTO dados_cliente VALUES('20004','20004','13.655.492/0001-03','NÃO INFORMADO','NITERÓI','0.00','null','null','1','0.00','smb://192.168.1.226/Programacao/SERVER/','smb://192.168.1.249/Clientes/IMP04/','smb://192.168.1.220/Comerciais/IMP04/','smb://192.168.1.249/Clientes/IMP04/','smb://192.168.1.249/Clientes/IMP04/','1');
INSERT INTO cidade VALUES('30005',(if((select count(idestado) as c from estado where sigla = 'NÃO INFORMADO') > 0 , (select idestado from estado where sigla = 'NÃO INFORMADO') , 25 ) ),'NÃO INFORMADO');
INSERT INTO bairro VALUES('30005','30005','NÃO INFORMADO','NÃO INFORMADO','');
INSERT INTO cep VALUES('30005','30005','NÃO INFORMADO');
INSERT INTO endereco VALUES('30005','30005','NÃO INFORMADO','NÃO INFORMADO');
INSERT INTO cliente VALUES('20005','30005','10000','NOVA IGUAÇU','0','1','0','1','IMP05','1');
INSERT INTO dados_cliente VALUES('20005','20005','13.655.492/0001-03','NÃO INFORMADO','NOVA IGUAÇU','0.00','null','null','1','0.00','smb://192.168.1.226/Programacao/SERVER/','smb://192.168.1.249/Clientes/IMP05/','smb://192.168.1.220/Comerciais/IMP05/','smb://192.168.1.249/Clientes/IMP05/','smb://192.168.1.249/Clientes/IMP05/','1');
INSERT INTO cidade VALUES('30006',(if((select count(idestado) as c from estado where sigla = 'NÃO INFORMADO') > 0 , (select idestado from estado where sigla = 'NÃO INFORMADO') , 25 ) ),'NÃO INFORMADO');
INSERT INTO bairro VALUES('30006','30006','NÃO INFORMADO','NÃO INFORMADO','');
INSERT INTO cep VALUES('30006','30006','NÃO INFORMADO');
INSERT INTO endereco VALUES('30006','30006','NÃO INFORMADO','NÃO INFORMADO');
INSERT INTO cliente VALUES('20006','30006','10000','CAMPO GRANDE','0','1','0','1','IMP06','1');
INSERT INTO dados_cliente VALUES('20006','20006','13.655.492/0001-03','NÃO INFORMADO','CAMPO GRANDE','0.00','null','null','1','0.00','smb://192.168.1.226/Programacao/SERVER/','smb://192.168.1.249/Clientes/IMP06/','smb://192.168.1.220/Comerciais/IMP06/','smb://192.168.1.249/Clientes/IMP06/','smb://192.168.1.249/Clientes/IMP06/','1');
INSERT INTO cidade VALUES('30007',(if((select count(idestado) as c from estado where sigla = 'NÃO INFORMADO') > 0 , (select idestado from estado where sigla = 'NÃO INFORMADO') , 25 ) ),'NÃO INFORMADO');
INSERT INTO bairro VALUES('30007','30007','NÃO INFORMADO','NÃO INFORMADO','');
INSERT INTO cep VALUES('30007','30007','NÃO INFORMADO');
INSERT INTO endereco VALUES('30007','30007','NÃO INFORMADO','NÃO INFORMADO');
INSERT INTO cliente VALUES('20007','30007','10000','ALCANTÂRA','0','1','0','1','IMP07','1');
INSERT INTO dados_cliente VALUES('20007','20007','13.655.492/0001-03','NÃO INFORMADO','ALCANTÂRA','0.00','null','null','1','0.00','smb://192.168.1.226/Programacao/SERVER/','smb://192.168.1.249/Clientes/IMP07/','smb://192.168.1.220/Comerciais/IMP07/','smb://192.168.1.249/Clientes/IMP07/','smb://192.168.1.249/Clientes/IMP07/','1');
INSERT INTO cidade VALUES('30008',(if((select count(idestado) as c from estado where sigla = 'NÃO INFORMADO') > 0 , (select idestado from estado where sigla = 'NÃO INFORMADO') , 25 ) ),'NÃO INFORMADO');
INSERT INTO bairro VALUES('30008','30008','NÃO INFORMADO','NÃO INFORMADO','');
INSERT INTO cep VALUES('30008','30008','NÃO INFORMADO');
INSERT INTO endereco VALUES('30008','30008','NÃO INFORMADO','NÃO INFORMADO');
INSERT INTO cliente VALUES('20008','30008','10000','MEYER','0','1','0','1','IMP08','1');
INSERT INTO dados_cliente VALUES('20008','20008','13.655.492/0001-03','NÃO INFORMADO','MEYER','0.00','null','null','1','0.00','smb://192.168.1.226/Programacao/SERVER/','smb://192.168.1.249/Clientes/IMP08/','smb://192.168.1.220/Comerciais/IMP08/','smb://192.168.1.249/Clientes/IMP08/','smb://192.168.1.249/Clientes/IMP08/','1');
INSERT INTO cidade VALUES('30009',(if((select count(idestado) as c from estado where sigla = 'NÃO INFORMADO') > 0 , (select idestado from estado where sigla = 'NÃO INFORMADO') , 25 ) ),'NÃO INFORMADO');
INSERT INTO bairro VALUES('30009','30009','NÃO INFORMADO','NÃO INFORMADO','');
INSERT INTO cep VALUES('30009','30009','NÃO INFORMADO');
INSERT INTO endereco VALUES('30009','30009','NÃO INFORMADO','NÃO INFORMADO');
INSERT INTO cliente VALUES('20009','30009','10000','S J DE MERITI ','0','1','0','1','IMP09','1');
INSERT INTO dados_cliente VALUES('20009','20009','13.655.492/0001-03','NÃO INFORMADO','S J DE MERITI ','0.00','null','null','1','0.00','smb://192.168.1.226/Programacao/SERVER/','smb://192.168.1.249/Clientes/IMP09/','smb://192.168.1.220/Comerciais/IMP09/','smb://192.168.1.249/Clientes/IMP09/','smb://192.168.1.249/Clientes/IMP09/','1');
INSERT INTO cidade VALUES('30010',(if((select count(idestado) as c from estado where sigla = 'NÃO INFORMADO') > 0 , (select idestado from estado where sigla = 'NÃO INFORMADO') , 25 ) ),'NÃO INFORMADO');
INSERT INTO bairro VALUES('30010','30010','NÃO INFORMADO','NÃO INFORMADO','');
INSERT INTO cep VALUES('30010','30010','NÃO INFORMADO');
INSERT INTO endereco VALUES('30010','30010','NÃO INFORMADO','NÃO INFORMADO');
INSERT INTO cliente VALUES('20010','30010','10000','ITABORAÍ','0','1','0','1','IMP10','1');
INSERT INTO dados_cliente VALUES('20010','20010','13.655.492/0001-03','NÃO INFORMADO','ITABORAÍ','0.00','null','null','1','0.00','smb://192.168.1.226/Programacao/SERVER/','smb://192.168.1.249/Clientes/IMP10/','smb://192.168.1.220/Comerciais/IMP10/','smb://192.168.1.249/Clientes/IMP10/','smb://192.168.1.249/Clientes/IMP10/','1');
INSERT INTO cidade VALUES('30011',(if((select count(idestado) as c from estado where sigla = 'NÃO INFORMADO') > 0 , (select idestado from estado where sigla = 'NÃO INFORMADO') , 25 ) ),'NÃO INFORMADO');
INSERT INTO bairro VALUES('30011','30011','NÃO INFORMADO','NÃO INFORMADO','');
INSERT INTO cep VALUES('30011','30011','NÃO INFORMADO');
INSERT INTO endereco VALUES('30011','30011','NÃO INFORMADO','NÃO INFORMADO');
INSERT INTO cliente VALUES('20011','30011','10000','OUVIDOR','0','1','0','1','IMP11','1');
INSERT INTO dados_cliente VALUES('20011','20011','13.655.492/0001-03','NÃO INFORMADO','OUVIDOR','0.00','null','null','1','0.00','smb://192.168.1.226/Programacao/SERVER/','smb://192.168.1.249/Clientes/IMP11/','smb://192.168.1.220/Comerciais/IMP11/','smb://192.168.1.249/Clientes/IMP11/','smb://192.168.1.249/Clientes/IMP11/','1');
INSERT INTO cidade VALUES('30308',(if((select count(idestado) as c from estado where sigla = ' SP') > 0 , (select idestado from estado where sigla = ' SP') , 25 ) ),'NÃO INFORMADO');
INSERT INTO bairro VALUES('30308','30308','NÃO INFORMADO','ESTRADA DO CAMPO LIMPO','');
INSERT INTO cep VALUES('30308','30308','NÃO INFORMADO');
INSERT INTO endereco VALUES('30308','30308','4263','NÃO INFORMADO');
INSERT INTO cliente VALUES('20307','30308','10001','CAMPO LIMPO','0','1','0','1','AGUIA01','1');
INSERT INTO dados_cliente VALUES('20307','20307','13.655.492/0001-03','NÃO INFORMADO','CAMPO LIMPO','0.00','null','null','1','0.00','smb://192.168.1.226/Programacao/SERVER/','smb://192.168.1.249/Clientes/AGUIA01/','smb://192.168.1.220/Comerciais/AGUIA01/','smb://192.168.1.249/Clientes/AGUIA01/','smb://192.168.1.249/Clientes/AGUIA01/','1');
INSERT INTO cidade VALUES('30013',(if((select count(idestado) as c from estado where sigla = ' SP') > 0 , (select idestado from estado where sigla = ' SP') , 25 ) ),'NÃO INFORMADO');
INSERT INTO bairro VALUES('30013','30013','NÃO INFORMADO','ESTRADA DO CAMPO LIMPO','');
INSERT INTO cep VALUES('30013','30013','NÃO INFORMADO');
INSERT INTO endereco VALUES('30013','30013','3908/3912','NÃO INFORMADO');
INSERT INTO cliente VALUES('20012','30013','10001','CAMPO LIMPO','0','1','0','1','AGUIA02','1');
INSERT INTO dados_cliente VALUES('20012','20012','13.655.492/0001-03','NÃO INFORMADO','CAMPO LIMPO','0.00','null','null','1','0.00','smb://192.168.1.226/Programacao/SERVER/','smb://192.168.1.249/Clientes/AGUIA02/','smb://192.168.1.220/Comerciais/AGUIA02/','smb://192.168.1.249/Clientes/AGUIA02/','smb://192.168.1.249/Clientes/AGUIA02/','1');
INSERT INTO cidade VALUES('30014',(if((select count(idestado) as c from estado where sigla = ' SP') > 0 , (select idestado from estado where sigla = ' SP') , 25 ) ),'NÃO INFORMADO');
INSERT INTO bairro VALUES('30014','30014','NÃO INFORMADO','ESTRADA DO M´BOI MIRIM','');
INSERT INTO cep VALUES('30014','30014','NÃO INFORMADO');
INSERT INTO endereco VALUES('30014','30014','4542','NÃO INFORMADO');
INSERT INTO cliente VALUES('20013','30014','10001','JD. ANGELA','0','1','0','1','AGUIA03','1');
INSERT INTO dados_cliente VALUES('20013','20013','13.655.492/0001-03','NÃO INFORMADO','JD. ANGELA','0.00','null','null','1','0.00','smb://192.168.1.226/Programacao/SERVER/','smb://192.168.1.249/Clientes/AGUIA03/','smb://192.168.1.220/Comerciais/AGUIA03/','smb://192.168.1.249/Clientes/AGUIA03/','smb://192.168.1.249/Clientes/AGUIA03/','1');
INSERT INTO cidade VALUES('30015',(if((select count(idestado) as c from estado where sigla = ' SP') > 0 , (select idestado from estado where sigla = ' SP') , 25 ) ),'NÃO INFORMADO');
INSERT INTO bairro VALUES('30015','30015','NÃO INFORMADO','ESTRADA DO M´BOI MIRIM','');
INSERT INTO cep VALUES('30015','30015','NÃO INFORMADO');
INSERT INTO endereco VALUES('30015','30015','1049','NÃO INFORMADO');
INSERT INTO cliente VALUES('20014','30015','10001','PIRAPORINHA','0','1','0','1','AGUIA04','1');
INSERT INTO dados_cliente VALUES('20014','20014','13.655.492/0001-03','NÃO INFORMADO','PIRAPORINHA','0.00','null','null','1','0.00','smb://192.168.1.226/Programacao/SERVER/','smb://192.168.1.249/Clientes/AGUIA04/','smb://192.168.1.220/Comerciais/AGUIA04/','smb://192.168.1.249/Clientes/AGUIA04/','smb://192.168.1.249/Clientes/AGUIA04/','1');
INSERT INTO cidade VALUES('30016',(if((select count(idestado) as c from estado where sigla = ' SP') > 0 , (select idestado from estado where sigla = ' SP') , 25 ) ),'NÃO INFORMADO');
INSERT INTO bairro VALUES('30016','30016','NÃO INFORMADO','AV. MATEO BEI','');
INSERT INTO cep VALUES('30016','30016','NÃO INFORMADO');
INSERT INTO endereco VALUES('30016','30016','3443','NÃO INFORMADO');
INSERT INTO cliente VALUES('20015','30016','10001','SÃO MATEUS','0','1','0','1','AGUIA05','1');
INSERT INTO dados_cliente VALUES('20015','20015','13.655.492/0001-03','NÃO INFORMADO','SÃO MATEUS','0.00','null','null','1','0.00','smb://192.168.1.226/Programacao/SERVER/','smb://192.168.1.249/Clientes/AGUIA05/','smb://192.168.1.220/Comerciais/AGUIA05/','smb://192.168.1.249/Clientes/AGUIA05/','smb://192.168.1.249/Clientes/AGUIA05/','1');
INSERT INTO cidade VALUES('30017',(if((select count(idestado) as c from estado where sigla = ' SP') > 0 , (select idestado from estado where sigla = ' SP') , 25 ) ),'NÃO INFORMADO');
INSERT INTO bairro VALUES('30017','30017','NÃO INFORMADO','ESTRADA DO M" BOI MIRIM','');
INSERT INTO cep VALUES('30017','30017','NÃO INFORMADO');
INSERT INTO endereco VALUES('30017','30017','1145','NÃO INFORMADO');
INSERT INTO cliente VALUES('20016','30017','10001','PIRAPORINHA','0','1','0','1','AGUIA06','1');
INSERT INTO dados_cliente VALUES('20016','20016','13.655.492/0001-03','NÃO INFORMADO','PIRAPORINHA','0.00','null','null','1','0.00','smb://192.168.1.226/Programacao/SERVER/','smb://192.168.1.249/Clientes/AGUIA06/','smb://192.168.1.220/Comerciais/AGUIA06/','smb://192.168.1.249/Clientes/AGUIA06/','smb://192.168.1.249/Clientes/AGUIA06/','1');
INSERT INTO cidade VALUES('30018',(if((select count(idestado) as c from estado where sigla = ' SP') > 0 , (select idestado from estado where sigla = ' SP') , 25 ) ),'NÃO INFORMADO');
INSERT INTO bairro VALUES('30018','30018','NÃO INFORMADO','AV. INÁCIO DIAS DA SILVA','');
INSERT INTO cep VALUES('30018','30018','NÃO INFORMADO');
INSERT INTO endereco VALUES('30018','30018','226','NÃO INFORMADO');
INSERT INTO cliente VALUES('20017','30018','10001','PIRAPORINHA','0','1','0','1','AGUIA07','1');
INSERT INTO dados_cliente VALUES('20017','20017','13.655.492/0001-03','NÃO INFORMADO','PIRAPORINHA','0.00','null','null','1','0.00','smb://192.168.1.226/Programacao/SERVER/','smb://192.168.1.249/Clientes/AGUIA07/','smb://192.168.1.220/Comerciais/AGUIA07/','smb://192.168.1.249/Clientes/AGUIA07/','smb://192.168.1.249/Clientes/AGUIA07/','1');
INSERT INTO cidade VALUES('30019',(if((select count(idestado) as c from estado where sigla = ' SP') > 0 , (select idestado from estado where sigla = ' SP') , 25 ) ),'NÃO INFORMADO');
INSERT INTO bairro VALUES('30019','30019','NÃO INFORMADO','AV. BARÃO DE MAUÁ','');
INSERT INTO cep VALUES('30019','30019','NÃO INFORMADO');
INSERT INTO endereco VALUES('30019','30019','125','NÃO INFORMADO');
INSERT INTO cliente VALUES('20018','30019','10001','MAUA','0','1','0','1','AGUIA08','1');
INSERT INTO dados_cliente VALUES('20018','20018','13.655.492/0001-03','NÃO INFORMADO','MAUA','0.00','null','null','1','0.00','smb://192.168.1.226/Programacao/SERVER/','smb://192.168.1.249/Clientes/AGUIA08/','smb://192.168.1.220/Comerciais/AGUIA08/','smb://192.168.1.249/Clientes/AGUIA08/','smb://192.168.1.249/Clientes/AGUIA08/','1');
INSERT INTO cidade VALUES('30020',(if((select count(idestado) as c from estado where sigla = 'NÃO INFORMADO') > 0 , (select idestado from estado where sigla = 'NÃO INFORMADO') , 25 ) ),'NÃO INFORMADO');
INSERT INTO bairro VALUES('30020','30020','NÃO INFORMADO','NÃO INFORMADO','');
INSERT INTO cep VALUES('30020','30020','NÃO INFORMADO');
INSERT INTO endereco VALUES('30020','30020','NÃO INFORMADO','NÃO INFORMADO');
INSERT INTO cliente VALUES('20019','30020','10001','GUARAPIRANGA','0','1','0','1','AGUIA09','1');
INSERT INTO dados_cliente VALUES('20019','20019','13.655.492/0001-03','NÃO INFORMADO','GUARAPIRANGA','0.00','null','null','1','0.00','smb://192.168.1.226/Programacao/SERVER/','smb://192.168.1.249/Clientes/AGUIA09/','smb://192.168.1.220/Comerciais/AGUIA09/','smb://192.168.1.249/Clientes/AGUIA09/','smb://192.168.1.249/Clientes/AGUIA09/','1');
INSERT INTO cidade VALUES('30021',(if((select count(idestado) as c from estado where sigla = ' SP') > 0 , (select idestado from estado where sigla = ' SP') , 25 ) ),'NÃO INFORMADO');
INSERT INTO bairro VALUES('30021','30021','NÃO INFORMADO','AV. MATEO BEI','');
INSERT INTO cep VALUES('30021','30021','NÃO INFORMADO');
INSERT INTO endereco VALUES('30021','30021','3181','NÃO INFORMADO');
INSERT INTO cliente VALUES('20020','30021','10001','SÃO MATEUS','0','1','0','1','AGUIA10','1');
INSERT INTO dados_cliente VALUES('20020','20020','13.655.492/0001-03','NÃO INFORMADO','SÃO MATEUS','0.00','null','null','1','0.00','smb://192.168.1.226/Programacao/SERVER/','smb://192.168.1.249/Clientes/AGUIA10/','smb://192.168.1.220/Comerciais/AGUIA10/','smb://192.168.1.249/Clientes/AGUIA10/','smb://192.168.1.249/Clientes/AGUIA10/','1');
INSERT INTO cidade VALUES('30022',(if((select count(idestado) as c from estado where sigla = ' SP') > 0 , (select idestado from estado where sigla = ' SP') , 25 ) ),'NÃO INFORMADO');
INSERT INTO bairro VALUES('30022','30022','NÃO INFORMADO','RUA SETE DE SETEMBRO','');
INSERT INTO cep VALUES('30022','30022','NÃO INFORMADO');
INSERT INTO endereco VALUES('30022','30022','313','NÃO INFORMADO');
INSERT INTO cliente VALUES('20021','30022','10001','SÃO JOSÉ DOS CAMPOS','0','1','0','1','AGUIA11','1');
INSERT INTO dados_cliente VALUES('20021','20021','13.655.492/0001-03','NÃO INFORMADO','SÃO JOSÉ DOS CAMPOS','0.00','null','null','1','0.00','smb://192.168.1.226/Programacao/SERVER/','smb://192.168.1.249/Clientes/AGUIA11/','smb://192.168.1.220/Comerciais/AGUIA11/','smb://192.168.1.249/Clientes/AGUIA11/','smb://192.168.1.249/Clientes/AGUIA11/','1');
INSERT INTO cidade VALUES('30023',(if((select count(idestado) as c from estado where sigla = ' SP') > 0 , (select idestado from estado where sigla = ' SP') , 25 ) ),'NÃO INFORMADO');
INSERT INTO bairro VALUES('30023','30023','NÃO INFORMADO','AV. BRASIL','');
INSERT INTO cep VALUES('30023','30023','NÃO INFORMADO');
INSERT INTO endereco VALUES('30023','30023','1374','NÃO INFORMADO');
INSERT INTO cliente VALUES('20022','30023','10001','FERRAZ DE VASCONCELOS','0','1','0','1','AGUIA12','1');
INSERT INTO dados_cliente VALUES('20022','20022','13.655.492/0001-03','NÃO INFORMADO','FERRAZ DE VASCONCELOS','0.00','null','null','1','0.00','smb://192.168.1.226/Programacao/SERVER/','smb://192.168.1.249/Clientes/AGUIA12/','smb://192.168.1.220/Comerciais/AGUIA12/','smb://192.168.1.249/Clientes/AGUIA12/','smb://192.168.1.249/Clientes/AGUIA12/','1');
INSERT INTO cidade VALUES('30024',(if((select count(idestado) as c from estado where sigla = ' SP') > 0 , (select idestado from estado where sigla = ' SP') , 25 ) ),'NÃO INFORMADO');
INSERT INTO bairro VALUES('30024','30024','NÃO INFORMADO','RUA HIPOLITO DE CAMARGO','');
INSERT INTO cep VALUES('30024','30024','NÃO INFORMADO');
INSERT INTO endereco VALUES('30024','30024','413','NÃO INFORMADO');
INSERT INTO cliente VALUES('20023','30024','10001','GUAIANASES','0','1','0','1','AGUIA13','1');
INSERT INTO dados_cliente VALUES('20023','20023','13.655.492/0001-03','NÃO INFORMADO','GUAIANASES','0.00','null','null','1','0.00','smb://192.168.1.226/Programacao/SERVER/','smb://192.168.1.249/Clientes/AGUIA13/','smb://192.168.1.220/Comerciais/AGUIA13/','smb://192.168.1.249/Clientes/AGUIA13/','smb://192.168.1.249/Clientes/AGUIA13/','1');
INSERT INTO cidade VALUES('30025',(if((select count(idestado) as c from estado where sigla = ' SP') > 0 , (select idestado from estado where sigla = ' SP') , 25 ) ),'NÃO INFORMADO');
INSERT INTO bairro VALUES('30025','30025','NÃO INFORMADO','ESTRADA DO LAGEADO VELHO','');
INSERT INTO cep VALUES('30025','30025','NÃO INFORMADO');
INSERT INTO endereco VALUES('30025','30025','735','NÃO INFORMADO');
INSERT INTO cliente VALUES('20024','30025','10001','LAGEADO','0','1','0','1','AGUIA14','1');
INSERT INTO dados_cliente VALUES('20024','20024','13.655.492/0001-03','NÃO INFORMADO','LAGEADO','0.00','null','null','1','0.00','smb://192.168.1.226/Programacao/SERVER/','smb://192.168.1.249/Clientes/AGUIA14/','smb://192.168.1.220/Comerciais/AGUIA14/','smb://192.168.1.249/Clientes/AGUIA14/','smb://192.168.1.249/Clientes/AGUIA14/','1');
INSERT INTO cidade VALUES('30026',(if((select count(idestado) as c from estado where sigla = ' SP') > 0 , (select idestado from estado where sigla = ' SP') , 25 ) ),'NÃO INFORMADO');
INSERT INTO bairro VALUES('30026','30026','NÃO INFORMADO','R. GENERAL FRANCISCO GLICERIO','');
INSERT INTO cep VALUES('30026','30026','NÃO INFORMADO');
INSERT INTO endereco VALUES('30026','30026','360/354','NÃO INFORMADO');
INSERT INTO cliente VALUES('20025','30026','10001','SUZANO','0','1','0','1','AGUIA16','1');
INSERT INTO dados_cliente VALUES('20025','20025','13.655.492/0001-03','NÃO INFORMADO','SUZANO','0.00','null','null','1','0.00','smb://192.168.1.226/Programacao/SERVER/','smb://192.168.1.249/Clientes/AGUIA16/','smb://192.168.1.220/Comerciais/AGUIA16/','smb://192.168.1.249/Clientes/AGUIA16/','smb://192.168.1.249/Clientes/AGUIA16/','1');
INSERT INTO cidade VALUES('30028',(if((select count(idestado) as c from estado where sigla = 'RJ') > 0 , (select idestado from estado where sigla = 'RJ') , 25 ) ),'RIO DE JANEIRO');
INSERT INTO bairro VALUES('30028','30028','NÃO INFORMADO','AV DAS AMÉRICAS','');
INSERT INTO cep VALUES('30028','30028','NÃO INFORMADO');
INSERT INTO endereco VALUES('30028','30028','21777','NÃO INFORMADO');
INSERT INTO cliente VALUES('20026','30028','10002',' RECREIO','0','1','0','1','AMOEDO','1');
INSERT INTO dados_cliente VALUES('20026','20026','13.655.492/0001-03','NÃO INFORMADO',' RECREIO','0.00','null','null','1','0.00','smb://192.168.1.226/Programacao/SERVER/','smb://192.168.1.249/Clientes/AMOEDO/','smb://192.168.1.220/Comerciais/AMOEDO/','smb://192.168.1.249/Clientes/AMOEDO/','smb://192.168.1.249/Clientes/AMOEDO/','1');
INSERT INTO cidade VALUES('30030',(if((select count(idestado) as c from estado where sigla = ' SP') > 0 , (select idestado from estado where sigla = ' SP') , 25 ) ),'SÃO PAULO');
INSERT INTO bairro VALUES('30030','30030','NÃO INFORMADO','RUA AUGUSTA','');
INSERT INTO cep VALUES('30030','30030','NÃO INFORMADO');
INSERT INTO endereco VALUES('30030','30030','2685','NÃO INFORMADO');
INSERT INTO cliente VALUES('20027','30030','10003','RUA AUGUSTA','0','1','0','1','AGSPAR','1');
INSERT INTO dados_cliente VALUES('20027','20027','13.655.492/0001-03','NÃO INFORMADO','RUA AUGUSTA','0.00','null','null','1','0.00','smb://192.168.1.226/Programacao/SERVER/','smb://192.168.1.249/Clientes/AGSPAR/','smb://192.168.1.220/Comerciais/AGSPAR/','smb://192.168.1.249/Clientes/AGSPAR/','smb://192.168.1.249/Clientes/AGSPAR/','1');
INSERT INTO cidade VALUES('30031',(if((select count(idestado) as c from estado where sigla = 'SP') > 0 , (select idestado from estado where sigla = 'SP') , 25 ) ),'SÃO PAULO');
INSERT INTO bairro VALUES('30031','30031','NÃO INFORMADO','AV REJENTE FEIJÓ','');
INSERT INTO cep VALUES('30031','30031','NÃO INFORMADO');
INSERT INTO endereco VALUES('30031','30031','1739','NÃO INFORMADO');
INSERT INTO cliente VALUES('20028','30031','10003','ANALIA FRANCO','0','1','0','1','ANFPAR','1');
INSERT INTO dados_cliente VALUES('20028','20028','13.655.492/0001-03','NÃO INFORMADO','ANALIA FRANCO','0.00','null','null','1','0.00','smb://192.168.1.226/Programacao/SERVER/','smb://192.168.1.249/Clientes/ANFPAR/','smb://192.168.1.220/Comerciais/ANFPAR/','smb://192.168.1.249/Clientes/ANFPAR/','smb://192.168.1.249/Clientes/ANFPAR/','1');
INSERT INTO cidade VALUES('30032',(if((select count(idestado) as c from estado where sigla = 'SP') > 0 , (select idestado from estado where sigla = 'SP') , 25 ) ),'NÃO INFORMADO');
INSERT INTO bairro VALUES('30032','30032','NÃO INFORMADO','NÃO INFORMADO','');
INSERT INTO cep VALUES('30032','30032','NÃO INFORMADO');
INSERT INTO endereco VALUES('30032','30032','NÃO INFORMADO','NÃO INFORMADO');
INSERT INTO cliente VALUES('20029','30032','10003','MARKETING','0','1','0','1','ARMKT','1');
INSERT INTO dados_cliente VALUES('20029','20029','13.655.492/0001-03','NÃO INFORMADO','MARKETING','0.00','null','null','1','0.00','smb://192.168.1.226/Programacao/SERVER/','smb://192.168.1.249/Clientes/ARMKT/','smb://192.168.1.220/Comerciais/ARMKT/','smb://192.168.1.249/Clientes/ARMKT/','smb://192.168.1.249/Clientes/ARMKT/','1');
INSERT INTO cidade VALUES('30033',(if((select count(idestado) as c from estado where sigla = ' SP') > 0 , (select idestado from estado where sigla = ' SP') , 25 ) ),'NÃO INFORMADO');
INSERT INTO bairro VALUES('30033','30033','NÃO INFORMADO','AV. ARICANDUVA','');
INSERT INTO cep VALUES('30033','30033','NÃO INFORMADO');
INSERT INTO endereco VALUES('30033','30033','5.555','NÃO INFORMADO');
INSERT INTO cliente VALUES('20030','30033','10003','ARICANDUVA ','0','1','0','1','ARNPAR','1');
INSERT INTO dados_cliente VALUES('20030','20030','13.655.492/0001-03','NÃO INFORMADO','ARICANDUVA ','0.00','null','null','1','0.00','smb://192.168.1.226/Programacao/SERVER/','smb://192.168.1.249/Clientes/ARNPAR/','smb://192.168.1.220/Comerciais/ARNPAR/','smb://192.168.1.249/Clientes/ARNPAR/','smb://192.168.1.249/Clientes/ARNPAR/','1');
INSERT INTO cidade VALUES('30034',(if((select count(idestado) as c from estado where sigla = 'RJ ') > 0 , (select idestado from estado where sigla = 'RJ ') , 25 ) ),'NÃO INFORMADO');
INSERT INTO bairro VALUES('30034','30034','NÃO INFORMADO','AV. DAS AMÉRICAS','');
INSERT INTO cep VALUES('30034','30034','NÃO INFORMADO');
INSERT INTO endereco VALUES('30034','30034','4666','NÃO INFORMADO');
INSERT INTO cliente VALUES('20031','30034','10003','BARRA SHOPPING','0','1','0','1','BASPAR','1');
INSERT INTO dados_cliente VALUES('20031','20031','13.655.492/0001-03','NÃO INFORMADO','BARRA SHOPPING','0.00','null','null','1','0.00','smb://192.168.1.226/Programacao/SERVER/','smb://192.168.1.249/Clientes/BASPAR/','smb://192.168.1.220/Comerciais/BASPAR/','smb://192.168.1.249/Clientes/BASPAR/','smb://192.168.1.249/Clientes/BASPAR/','1');
INSERT INTO cidade VALUES('30035',(if((select count(idestado) as c from estado where sigla = 'MG') > 0 , (select idestado from estado where sigla = 'MG') , 25 ) ),'BELO HORIZONTE');
INSERT INTO bairro VALUES('30035','30035','NÃO INFORMADO','AV. DOS ANDRADAS ','');
INSERT INTO cep VALUES('30035','30035','NÃO INFORMADO');
INSERT INTO endereco VALUES('30035','30035','3000','NÃO INFORMADO');
INSERT INTO cliente VALUES('20032','30035','10003','BH BOULEVARD','0','1','0','1','BBHPAR','1');
INSERT INTO dados_cliente VALUES('20032','20032','13.655.492/0001-03','NÃO INFORMADO','BH BOULEVARD','0.00','null','null','1','0.00','smb://192.168.1.226/Programacao/SERVER/','smb://192.168.1.249/Clientes/BBHPAR/','smb://192.168.1.220/Comerciais/BBHPAR/','smb://192.168.1.249/Clientes/BBHPAR/','smb://192.168.1.249/Clientes/BBHPAR/','1');
INSERT INTO cidade VALUES('30036',(if((select count(idestado) as c from estado where sigla = 'MG') > 0 , (select idestado from estado where sigla = 'MG') , 25 ) ),'BELO HORIZONTE');
INSERT INTO bairro VALUES('30036','30036','NÃO INFORMADO',' ROD. BR 356 ','');
INSERT INTO cep VALUES('30036','30036','NÃO INFORMADO');
INSERT INTO endereco VALUES('30036','30036','3049','NÃO INFORMADO');
INSERT INTO cliente VALUES('20033','30036','10003','BH SHOPPING','0','1','0','1','BHSPAR','1');
INSERT INTO dados_cliente VALUES('20033','20033','13.655.492/0001-03','NÃO INFORMADO','BH SHOPPING','0.00','null','null','1','0.00','smb://192.168.1.226/Programacao/SERVER/','smb://192.168.1.249/Clientes/BHSPAR/','smb://192.168.1.220/Comerciais/BHSPAR/','smb://192.168.1.249/Clientes/BHSPAR/','smb://192.168.1.249/Clientes/BHSPAR/','1');
INSERT INTO cidade VALUES('30037',(if((select count(idestado) as c from estado where sigla = 'SP') > 0 , (select idestado from estado where sigla = 'SP') , 25 ) ),'NÃO INFORMADO');
INSERT INTO bairro VALUES('30037','30037','NÃO INFORMADO','AV JOHN BOYD DUNLOP','');
INSERT INTO cep VALUES('30037','30037','NÃO INFORMADO');
INSERT INTO endereco VALUES('30037','30037','3900','NÃO INFORMADO');
INSERT INTO cliente VALUES('20034','30037','10003','BANDEIRAS','0','1','0','1','BNDPAR','1');
INSERT INTO dados_cliente VALUES('20034','20034','13.655.492/0001-03','NÃO INFORMADO','BANDEIRAS','0.00','null','null','1','0.00','smb://192.168.1.226/Programacao/SERVER/','smb://192.168.1.249/Clientes/BNDPAR/','smb://192.168.1.220/Comerciais/BNDPAR/','smb://192.168.1.249/Clientes/BNDPAR/','smb://192.168.1.249/Clientes/BNDPAR/','1');
INSERT INTO cidade VALUES('30038',(if((select count(idestado) as c from estado where sigla = 'DF') > 0 , (select idestado from estado where sigla = 'DF') , 25 ) ),'BRASILIA');
INSERT INTO bairro VALUES('30038','30038','NÃO INFORMADO','ROD BR 060 KM 21 LOJA ','');
INSERT INTO cep VALUES('30038','30038','NÃO INFORMADO');
INSERT INTO endereco VALUES('30038','30038','1046','NÃO INFORMADO');
INSERT INTO cliente VALUES('20035','30038','10003','OUTLET PREMIUM BRASILIA','0','1','0','1','BRLPAR','1');
INSERT INTO dados_cliente VALUES('20035','20035','13.655.492/0001-03','NÃO INFORMADO','OUTLET PREMIUM BRASILIA','0.00','null','null','1','0.00','smb://192.168.1.226/Programacao/SERVER/','smb://192.168.1.249/Clientes/BRLPAR/','smb://192.168.1.220/Comerciais/BRLPAR/','smb://192.168.1.249/Clientes/BRLPAR/','smb://192.168.1.249/Clientes/BRLPAR/','1');
INSERT INTO cidade VALUES('30039',(if((select count(idestado) as c from estado where sigla = 'SP') > 0 , (select idestado from estado where sigla = 'SP') , 25 ) ),'NÃO INFORMADO');
INSERT INTO bairro VALUES('30039','30039','NÃO INFORMADO',' R. FREI GASPAR,','');
INSERT INTO cep VALUES('30039','30039','NÃO INFORMADO');
INSERT INTO endereco VALUES('30039','30039','365','NÃO INFORMADO');
INSERT INTO cliente VALUES('20036','30039','10003','BRISAMAR SHOPPING','0','1','0','1','BRSPAR','1');
INSERT INTO dados_cliente VALUES('20036','20036','13.655.492/0001-03','NÃO INFORMADO','BRISAMAR SHOPPING','0.00','null','null','1','0.00','smb://192.168.1.226/Programacao/SERVER/','smb://192.168.1.249/Clientes/BRSPAR/','smb://192.168.1.220/Comerciais/BRSPAR/','smb://192.168.1.249/Clientes/BRSPAR/','smb://192.168.1.249/Clientes/BRSPAR/','1');
INSERT INTO cidade VALUES('30040',(if((select count(idestado) as c from estado where sigla = 'SP') > 0 , (select idestado from estado where sigla = 'SP') , 25 ) ),'TAUBATÉ');
INSERT INTO bairro VALUES('30040','30040','NÃO INFORMADO','R GONÇALVES CRESPO ','');
INSERT INTO cep VALUES('30040','30040','NÃO INFORMADO');
INSERT INTO endereco VALUES('30040','30040','78','NÃO INFORMADO');
INSERT INTO cliente VALUES('20037','30040','10003','BOULEVARD TATUAPÉ','0','1','0','1','BTTPAR','1');
INSERT INTO dados_cliente VALUES('20037','20037','13.655.492/0001-03','NÃO INFORMADO','BOULEVARD TATUAPÉ','0.00','null','null','1','0.00','smb://192.168.1.226/Programacao/SERVER/','smb://192.168.1.249/Clientes/BTTPAR/','smb://192.168.1.220/Comerciais/BTTPAR/','smb://192.168.1.249/Clientes/BTTPAR/','smb://192.168.1.249/Clientes/BTTPAR/','1');
INSERT INTO cidade VALUES('30041',(if((select count(idestado) as c from estado where sigla = 'RJ ') > 0 , (select idestado from estado where sigla = 'RJ ') , 25 ) ),'NÃO INFORMADO');
INSERT INTO bairro VALUES('30041','30041','NÃO INFORMADO','ESTRADA DO MONTEIRO,','');
INSERT INTO cep VALUES('30041','30041','NÃO INFORMADO');
INSERT INTO endereco VALUES('30041','30041','1200','NÃO INFORMADO');
INSERT INTO cliente VALUES('20038','30041','10003','PARK SHOPPING CAMPO GRANDE - RJ','0','1','0','1','CGDPAR','1');
INSERT INTO dados_cliente VALUES('20038','20038','13.655.492/0001-03','NÃO INFORMADO','PARK SHOPPING CAMPO GRANDE - RJ','0.00','null','null','1','0.00','smb://192.168.1.226/Programacao/SERVER/','smb://192.168.1.249/Clientes/CGDPAR/','smb://192.168.1.220/Comerciais/CGDPAR/','smb://192.168.1.249/Clientes/CGDPAR/','smb://192.168.1.249/Clientes/CGDPAR/','1');
INSERT INTO cidade VALUES('30042',(if((select count(idestado) as c from estado where sigla = 'MS') > 0 , (select idestado from estado where sigla = 'MS') , 25 ) ),'CAMPO GRANDE');
INSERT INTO bairro VALUES('30042','30042','NÃO INFORMADO','AV AFONSO PENA, ','');
INSERT INTO cep VALUES('30042','30042','NÃO INFORMADO');
INSERT INTO endereco VALUES('30042','30042','4909','NÃO INFORMADO');
INSERT INTO cliente VALUES('20039','30042','10003','CAMPO GRANDE - MS','0','1','0','1','CGRPAR','1');
INSERT INTO dados_cliente VALUES('20039','20039','13.655.492/0001-03','NÃO INFORMADO','CAMPO GRANDE - MS','0.00','null','null','1','0.00','smb://192.168.1.226/Programacao/SERVER/','smb://192.168.1.249/Clientes/CGRPAR/','smb://192.168.1.220/Comerciais/CGRPAR/','smb://192.168.1.249/Clientes/CGRPAR/','smb://192.168.1.249/Clientes/CGRPAR/','1');
INSERT INTO cidade VALUES('30043',(if((select count(idestado) as c from estado where sigla = 'SP') > 0 , (select idestado from estado where sigla = 'SP') , 25 ) ),'CAMPINAS');
INSERT INTO bairro VALUES('30043','30043','NÃO INFORMADO','RUA JACY TEIXEIRA DE CAMARGO, ','');
INSERT INTO cep VALUES('30043','30043','NÃO INFORMADO');
INSERT INTO endereco VALUES('30043','30043','940','NÃO INFORMADO');
INSERT INTO cliente VALUES('20040','30043','10003','CAMPINAS SHOPPING','0','1','0','1','CMNPAR','1');
INSERT INTO dados_cliente VALUES('20040','20040','13.655.492/0001-03','NÃO INFORMADO','CAMPINAS SHOPPING','0.00','null','null','1','0.00','smb://192.168.1.226/Programacao/SERVER/','smb://192.168.1.249/Clientes/CMNPAR/','smb://192.168.1.220/Comerciais/CMNPAR/','smb://192.168.1.249/Clientes/CMNPAR/','smb://192.168.1.249/Clientes/CMNPAR/','1');
INSERT INTO cidade VALUES('30044',(if((select count(idestado) as c from estado where sigla = 'SP') > 0 , (select idestado from estado where sigla = 'SP') , 25 ) ),'NÃO INFORMADO');
INSERT INTO bairro VALUES('30044','30044','NÃO INFORMADO','TRAVESSA CASALBUONO ','');
INSERT INTO cep VALUES('30044','30044','NÃO INFORMADO');
INSERT INTO endereco VALUES('30044','30044','120','NÃO INFORMADO');
INSERT INTO cliente VALUES('20041','30044','10003','CENTER NORTE','0','1','0','1','CNOPAR','1');
INSERT INTO dados_cliente VALUES('20041','20041','13.655.492/0001-03','NÃO INFORMADO','CENTER NORTE','0.00','null','null','1','0.00','smb://192.168.1.226/Programacao/SERVER/','smb://192.168.1.249/Clientes/CNOPAR/','smb://192.168.1.220/Comerciais/CNOPAR/','smb://192.168.1.249/Clientes/CNOPAR/','smb://192.168.1.249/Clientes/CNOPAR/','1');
INSERT INTO cidade VALUES('30045',(if((select count(idestado) as c from estado where sigla = 'MG') > 0 , (select idestado from estado where sigla = 'MG') , 25 ) ),'NÃO INFORMADO');
INSERT INTO bairro VALUES('30045','30045','NÃO INFORMADO','AV. GENERAL DAVID SARNOFF ','');
INSERT INTO cep VALUES('30045','30045','NÃO INFORMADO');
INSERT INTO endereco VALUES('30045','30045','5160','NÃO INFORMADO');
INSERT INTO cliente VALUES('20042','30045','10003','CONTAGEM - ITAU POWER SHOPPING','0','1','0','1','CNTPAR','1');
INSERT INTO dados_cliente VALUES('20042','20042','13.655.492/0001-03','NÃO INFORMADO','CONTAGEM - ITAU POWER SHOPPING','0.00','null','null','1','0.00','smb://192.168.1.226/Programacao/SERVER/','smb://192.168.1.249/Clientes/CNTPAR/','smb://192.168.1.220/Comerciais/CNTPAR/','smb://192.168.1.249/Clientes/CNTPAR/','smb://192.168.1.249/Clientes/CNTPAR/','1');
INSERT INTO cidade VALUES('30046',(if((select count(idestado) as c from estado where sigla = 'SP') > 0 , (select idestado from estado where sigla = 'SP') , 25 ) ),'CAMPINAS');
INSERT INTO bairro VALUES('30046','30046','NÃO INFORMADO','AV. GUILHERME CAMPOS ','');
INSERT INTO cep VALUES('30046','30046','NÃO INFORMADO');
INSERT INTO endereco VALUES('30046','30046','500','NÃO INFORMADO');
INSERT INTO cliente VALUES('20043','30046','10003','D. PEDRO CAMPINAS','0','1','0','1','DPEPAR','1');
INSERT INTO dados_cliente VALUES('20043','20043','13.655.492/0001-03','NÃO INFORMADO','D. PEDRO CAMPINAS','0.00','null','null','1','0.00','smb://192.168.1.226/Programacao/SERVER/','smb://192.168.1.249/Clientes/DPEPAR/','smb://192.168.1.220/Comerciais/DPEPAR/','smb://192.168.1.249/Clientes/DPEPAR/','smb://192.168.1.249/Clientes/DPEPAR/','1');
INSERT INTO cidade VALUES('30047',(if((select count(idestado) as c from estado where sigla = 'MG') > 0 , (select idestado from estado where sigla = 'MG') , 25 ) ),'BELO HORIZONTE');
INSERT INTO bairro VALUES('30047','30047','NÃO INFORMADO','AV CRISTIANO MACHADO','');
INSERT INTO cep VALUES('30047','30047','NÃO INFORMADO');
INSERT INTO endereco VALUES('30047','30047','11183','NÃO INFORMADO');
INSERT INTO cliente VALUES('20044','30047','10003','ESTAÇAO BH','0','1','0','1','EBHPAR','1');
INSERT INTO dados_cliente VALUES('20044','20044','13.655.492/0001-03','NÃO INFORMADO','ESTAÇAO BH','0.00','null','null','1','0.00','smb://192.168.1.226/Programacao/SERVER/','smb://192.168.1.249/Clientes/EBHPAR/','smb://192.168.1.220/Comerciais/EBHPAR/','smb://192.168.1.249/Clientes/EBHPAR/','smb://192.168.1.249/Clientes/EBHPAR/','1');
INSERT INTO cidade VALUES('30048',(if((select count(idestado) as c from estado where sigla = 'PR') > 0 , (select idestado from estado where sigla = 'PR') , 25 ) ),'CURITIBA');
INSERT INTO bairro VALUES('30048','30048','NÃO INFORMADO','AV SETE DE SETEMBRO','');
INSERT INTO cep VALUES('30048','30048','NÃO INFORMADO');
INSERT INTO endereco VALUES('30048','30048','2775','NÃO INFORMADO');
INSERT INTO cliente VALUES('20045','30048','10003','SHOPPING ESTAÇÃO','0','1','0','1','ECRPAR','1');
INSERT INTO dados_cliente VALUES('20045','20045','13.655.492/0001-03','NÃO INFORMADO','SHOPPING ESTAÇÃO','0.00','null','null','1','0.00','smb://192.168.1.226/Programacao/SERVER/','smb://192.168.1.249/Clientes/ECRPAR/','smb://192.168.1.220/Comerciais/ECRPAR/','smb://192.168.1.249/Clientes/ECRPAR/','smb://192.168.1.249/Clientes/ECRPAR/','1');
INSERT INTO cidade VALUES('30049',(if((select count(idestado) as c from estado where sigla = 'SP') > 0 , (select idestado from estado where sigla = 'SP') , 25 ) ),'SÃO PAULO');
INSERT INTO bairro VALUES('30049','30049','NÃO INFORMADO','AV. REBOUÇAS','');
INSERT INTO cep VALUES('30049','30049','NÃO INFORMADO');
INSERT INTO endereco VALUES('30049','30049','3970','NÃO INFORMADO');
INSERT INTO cliente VALUES('20046','30049','10003','SHOPPING ELDORADO','0','1','0','1','ELDPAR','1');
INSERT INTO dados_cliente VALUES('20046','20046','13.655.492/0001-03','NÃO INFORMADO','SHOPPING ELDORADO','0.00','null','null','1','0.00','smb://192.168.1.226/Programacao/SERVER/','smb://192.168.1.249/Clientes/ELDPAR/','smb://192.168.1.220/Comerciais/ELDPAR/','smb://192.168.1.249/Clientes/ELDPAR/','smb://192.168.1.249/Clientes/ELDPAR/','1');
INSERT INTO cidade VALUES('30050',(if((select count(idestado) as c from estado where sigla = 'NÃO INFORMADO') > 0 , (select idestado from estado where sigla = 'NÃO INFORMADO') , 25 ) ),'NÃO INFORMADO');
INSERT INTO bairro VALUES('30050','30050','NÃO INFORMADO','NÃO INFORMADO','');
INSERT INTO cep VALUES('30050','30050','NÃO INFORMADO');
INSERT INTO endereco VALUES('30050','30050','NÃO INFORMADO','NÃO INFORMADO');
INSERT INTO cliente VALUES('20047','30050','10003','IGUATEMI ESPLANADA','0','1','0','1','EPLPAR','1');
INSERT INTO dados_cliente VALUES('20047','20047','13.655.492/0001-03','NÃO INFORMADO','IGUATEMI ESPLANADA','0.00','null','null','1','0.00','smb://192.168.1.226/Programacao/SERVER/','smb://192.168.1.249/Clientes/EPLPAR/','smb://192.168.1.220/Comerciais/EPLPAR/','smb://192.168.1.249/Clientes/EPLPAR/','smb://192.168.1.249/Clientes/EPLPAR/','1');
INSERT INTO cidade VALUES('30051',(if((select count(idestado) as c from estado where sigla = 'SC') > 0 , (select idestado from estado where sigla = 'SC') , 25 ) ),'FLORIANOPOLIS');
INSERT INTO bairro VALUES('30051','30051','NÃO INFORMADO','ROD. VIRGÍLIO VÁRZEA ','');
INSERT INTO cep VALUES('30051','30051','NÃO INFORMADO');
INSERT INTO endereco VALUES('30051','30051','587','NÃO INFORMADO');
INSERT INTO cliente VALUES('20048','30051','10003','FLORIPA SHOPPING','0','1','0','1','FLRPAR','1');
INSERT INTO dados_cliente VALUES('20048','20048','13.655.492/0001-03','NÃO INFORMADO','FLORIPA SHOPPING','0.00','null','null','1','0.00','smb://192.168.1.226/Programacao/SERVER/','smb://192.168.1.249/Clientes/FLRPAR/','smb://192.168.1.220/Comerciais/FLRPAR/','smb://192.168.1.249/Clientes/FLRPAR/','smb://192.168.1.249/Clientes/FLRPAR/','1');
INSERT INTO cidade VALUES('30052',(if((select count(idestado) as c from estado where sigla = 'NÃO INFORMADO') > 0 , (select idestado from estado where sigla = 'NÃO INFORMADO') , 25 ) ),'NÃO INFORMADO');
INSERT INTO bairro VALUES('30052','30052','NÃO INFORMADO','NÃO INFORMADO','');
INSERT INTO cep VALUES('30052','30052','NÃO INFORMADO');
INSERT INTO endereco VALUES('30052','30052','NÃO INFORMADO','NÃO INFORMADO');
INSERT INTO cliente VALUES('20049','30052','10003','IGUATEMI GALLERIA','0','1','0','1','GLRPAR','1');
INSERT INTO dados_cliente VALUES('20049','20049','13.655.492/0001-03','NÃO INFORMADO','IGUATEMI GALLERIA','0.00','null','null','1','0.00','smb://192.168.1.226/Programacao/SERVER/','smb://192.168.1.249/Clientes/GLRPAR/','smb://192.168.1.220/Comerciais/GLRPAR/','smb://192.168.1.249/Clientes/GLRPAR/','smb://192.168.1.249/Clientes/GLRPAR/','1');
INSERT INTO cidade VALUES('30053',(if((select count(idestado) as c from estado where sigla = 'SP') > 0 , (select idestado from estado where sigla = 'SP') , 25 ) ),'NÃO INFORMADO');
INSERT INTO bairro VALUES('30053','30053','NÃO INFORMADO','AV. INDUSTRIAL','');
INSERT INTO cep VALUES('30053','30053','NÃO INFORMADO');
INSERT INTO endereco VALUES('30053','30053','600','NÃO INFORMADO');
INSERT INTO cliente VALUES('20050','30053','10003','GRAND PLAZA SHOPPING','0','1','0','1','GPLPAR','1');
INSERT INTO dados_cliente VALUES('20050','20050','13.655.492/0001-03','NÃO INFORMADO','GRAND PLAZA SHOPPING','0.00','null','null','1','0.00','smb://192.168.1.226/Programacao/SERVER/','smb://192.168.1.249/Clientes/GPLPAR/','smb://192.168.1.220/Comerciais/GPLPAR/','smb://192.168.1.249/Clientes/GPLPAR/','smb://192.168.1.249/Clientes/GPLPAR/','1');
INSERT INTO cidade VALUES('30054',(if((select count(idestado) as c from estado where sigla = 'SP') > 0 , (select idestado from estado where sigla = 'SP') , 25 ) ),'SÃO PAULO');
INSERT INTO bairro VALUES('30054','30054','NÃO INFORMADO','ROD. RAPOSO TAVARES KM 23,5','');
INSERT INTO cep VALUES('30054','30054','NÃO INFORMADO');
INSERT INTO endereco VALUES('30054','30054','214','NÃO INFORMADO');
INSERT INTO cliente VALUES('20051','30054','10003','SHOPPING GRANJA VIANA','0','1','0','1','GVNPAR','1');
INSERT INTO dados_cliente VALUES('20051','20051','13.655.492/0001-03','NÃO INFORMADO','SHOPPING GRANJA VIANA','0.00','null','null','1','0.00','smb://192.168.1.226/Programacao/SERVER/','smb://192.168.1.249/Clientes/GVNPAR/','smb://192.168.1.220/Comerciais/GVNPAR/','smb://192.168.1.249/Clientes/GVNPAR/','smb://192.168.1.249/Clientes/GVNPAR/','1');
INSERT INTO cidade VALUES('30055',(if((select count(idestado) as c from estado where sigla = 'SP') > 0 , (select idestado from estado where sigla = 'SP') , 25 ) ),'NÃO INFORMADO');
INSERT INTO bairro VALUES('30055','30055','NÃO INFORMADO','R GAIVOTA ','');
INSERT INTO cep VALUES('30055','30055','NÃO INFORMADO');
INSERT INTO endereco VALUES('30055','30055','1183','NÃO INFORMADO');
INSERT INTO cliente VALUES('20052','30055','10003','RUA GAIVOTA','0','1','0','1','GVTPAR','1');
INSERT INTO dados_cliente VALUES('20052','20052','13.655.492/0001-03','NÃO INFORMADO','RUA GAIVOTA','0.00','null','null','1','0.00','smb://192.168.1.226/Programacao/SERVER/','smb://192.168.1.249/Clientes/GVTPAR/','smb://192.168.1.220/Comerciais/GVTPAR/','smb://192.168.1.249/Clientes/GVTPAR/','smb://192.168.1.249/Clientes/GVTPAR/','1');
INSERT INTO cidade VALUES('30056',(if((select count(idestado) as c from estado where sigla = 'SP') > 0 , (select idestado from estado where sigla = 'SP') , 25 ) ),'SÃO PAULO');
INSERT INTO bairro VALUES('30056','30056','NÃO INFORMADO','AV. IBIRAPUERA ','');
INSERT INTO cep VALUES('30056','30056','NÃO INFORMADO');
INSERT INTO endereco VALUES('30056','30056','3103','NÃO INFORMADO');
INSERT INTO cliente VALUES('20053','30056','10003','SHOPPING IBIRAPUERA','0','1','0','1','IBIPAR','1');
INSERT INTO dados_cliente VALUES('20053','20053','13.655.492/0001-03','NÃO INFORMADO','SHOPPING IBIRAPUERA','0.00','null','null','1','0.00','smb://192.168.1.226/Programacao/SERVER/','smb://192.168.1.249/Clientes/IBIPAR/','smb://192.168.1.220/Comerciais/IBIPAR/','smb://192.168.1.249/Clientes/IBIPAR/','smb://192.168.1.249/Clientes/IBIPAR/','1');
INSERT INTO cidade VALUES('30057',(if((select count(idestado) as c from estado where sigla = 'SC') > 0 , (select idestado from estado where sigla = 'SC') , 25 ) ),'FLORIANOPOLIS');
INSERT INTO bairro VALUES('30057','30057','NÃO INFORMADO','AV. MADRE BENVENUTA','');
INSERT INTO cep VALUES('30057','30057','NÃO INFORMADO');
INSERT INTO endereco VALUES('30057','30057','687','NÃO INFORMADO');
INSERT INTO cliente VALUES('20054','30057','10003','IGUATEMI FLORIANÓPOLIS','0','1','0','1','IFRPAR','1');
INSERT INTO dados_cliente VALUES('20054','20054','13.655.492/0001-03','NÃO INFORMADO','IGUATEMI FLORIANÓPOLIS','0.00','null','null','1','0.00','smb://192.168.1.226/Programacao/SERVER/','smb://192.168.1.249/Clientes/IFRPAR/','smb://192.168.1.220/Comerciais/IFRPAR/','smb://192.168.1.249/Clientes/IFRPAR/','smb://192.168.1.249/Clientes/IFRPAR/','1');
INSERT INTO cidade VALUES('30058',(if((select count(idestado) as c from estado where sigla = 'RJ ') > 0 , (select idestado from estado where sigla = 'RJ ') , 25 ) ),'NÃO INFORMADO');
INSERT INTO bairro VALUES('30058','30058','NÃO INFORMADO','AV BRASIL','');
INSERT INTO cep VALUES('30058','30058','NÃO INFORMADO');
INSERT INTO endereco VALUES('30058','30058','22155','NÃO INFORMADO');
INSERT INTO cliente VALUES('20055','30058','10003','JARDIM GUADALUPE','0','1','0','1','JGDPAR','1');
INSERT INTO dados_cliente VALUES('20055','20055','13.655.492/0001-03','NÃO INFORMADO','JARDIM GUADALUPE','0.00','null','null','1','0.00','smb://192.168.1.226/Programacao/SERVER/','smb://192.168.1.249/Clientes/JGDPAR/','smb://192.168.1.220/Comerciais/JGDPAR/','smb://192.168.1.249/Clientes/JGDPAR/','smb://192.168.1.249/Clientes/JGDPAR/','1');
INSERT INTO cidade VALUES('30059',(if((select count(idestado) as c from estado where sigla = 'SP') > 0 , (select idestado from estado where sigla = 'SP') , 25 ) ),'NÃO INFORMADO');
INSERT INTO bairro VALUES('30059','30059','NÃO INFORMADO','AV. PRESIDENTE JUCELINO KUBITSCHEK','');
INSERT INTO cep VALUES('30059','30059','NÃO INFORMADO');
INSERT INTO endereco VALUES('30059','30059','2041','NÃO INFORMADO');
INSERT INTO cliente VALUES('20056','30059','10003','CASA MOYSÉS JK','0','1','0','1','JKI','1');
INSERT INTO dados_cliente VALUES('20056','20056','13.655.492/0001-03','NÃO INFORMADO','CASA MOYSÉS JK','0.00','null','null','1','0.00','smb://192.168.1.226/Programacao/SERVER/','smb://192.168.1.249/Clientes/JKI/','smb://192.168.1.220/Comerciais/JKI/','smb://192.168.1.249/Clientes/JKI/','smb://192.168.1.249/Clientes/JKI/','1');
INSERT INTO cidade VALUES('30060',(if((select count(idestado) as c from estado where sigla = 'SP') > 0 , (select idestado from estado where sigla = 'SP') , 25 ) ),'JUNDIAI');
INSERT INTO bairro VALUES('30060','30060','NÃO INFORMADO','AV 9 DE JULHO','');
INSERT INTO cep VALUES('30060','30060','NÃO INFORMADO');
INSERT INTO endereco VALUES('30060','30060','3333','NÃO INFORMADO');
INSERT INTO cliente VALUES('20057','30060','10003','JUNDIAI SHOPPING','0','1','0','1','JNIPAR','1');
INSERT INTO dados_cliente VALUES('20057','20057','13.655.492/0001-03','NÃO INFORMADO','JUNDIAI SHOPPING','0.00','null','null','1','0.00','smb://192.168.1.226/Programacao/SERVER/','smb://192.168.1.249/Clientes/JNIPAR/','smb://192.168.1.220/Comerciais/JNIPAR/','smb://192.168.1.249/Clientes/JNIPAR/','smb://192.168.1.249/Clientes/JNIPAR/','1');
INSERT INTO cidade VALUES('30061',(if((select count(idestado) as c from estado where sigla = 'MG') > 0 , (select idestado from estado where sigla = 'MG') , 25 ) ),'JUIZ DE FORA');
INSERT INTO bairro VALUES('30061','30061','NÃO INFORMADO','AV. INDEPENDÊNCIA','');
INSERT INTO cep VALUES('30061','30061','NÃO INFORMADO');
INSERT INTO endereco VALUES('30061','30061','3600','NÃO INFORMADO');
INSERT INTO cliente VALUES('20058','30061','10003','JUIZ DE FORA - INDEPENDÊNCIA SHOPPING','0','1','0','1','JZFPAR','1');
INSERT INTO dados_cliente VALUES('20058','20058','13.655.492/0001-03','NÃO INFORMADO','JUIZ DE FORA - INDEPENDÊNCIA SHOPPING','0.00','null','null','1','0.00','smb://192.168.1.226/Programacao/SERVER/','smb://192.168.1.249/Clientes/JZFPAR/','smb://192.168.1.220/Comerciais/JZFPAR/','smb://192.168.1.249/Clientes/JZFPAR/','smb://192.168.1.249/Clientes/JZFPAR/','1');
INSERT INTO cidade VALUES('30062',(if((select count(idestado) as c from estado where sigla = 'PR') > 0 , (select idestado from estado where sigla = 'PR') , 25 ) ),'LONDRINA');
INSERT INTO bairro VALUES('30062','30062','NÃO INFORMADO','AV. THEODORO VICTORELLI','');
INSERT INTO cep VALUES('30062','30062','NÃO INFORMADO');
INSERT INTO endereco VALUES('30062','30062','150','NÃO INFORMADO');
INSERT INTO cliente VALUES('20059','30062','10003','BOULEVARD LONDRINA','0','1','0','1','LNDPAR','1');
INSERT INTO dados_cliente VALUES('20059','20059','13.655.492/0001-03','NÃO INFORMADO','BOULEVARD LONDRINA','0.00','null','null','1','0.00','smb://192.168.1.226/Programacao/SERVER/','smb://192.168.1.249/Clientes/LNDPAR/','smb://192.168.1.220/Comerciais/LNDPAR/','smb://192.168.1.249/Clientes/LNDPAR/','smb://192.168.1.249/Clientes/LNDPAR/','1');
INSERT INTO cidade VALUES('30063',(if((select count(idestado) as c from estado where sigla = 'SP') > 0 , (select idestado from estado where sigla = 'SP') , 25 ) ),'NÃO INFORMADO');
INSERT INTO bairro VALUES('30063','30063','NÃO INFORMADO','AV. AYRTON SENNA DA SILVA ','');
INSERT INTO cep VALUES('30063','30063','NÃO INFORMADO');
INSERT INTO endereco VALUES('30063','30063','1511','NÃO INFORMADO');
INSERT INTO cliente VALUES('20060','30063','10003','LITORAL PLAZA SHOPPING','0','1','0','1','LPLPAR','1');
INSERT INTO dados_cliente VALUES('20060','20060','13.655.492/0001-03','NÃO INFORMADO','LITORAL PLAZA SHOPPING','0.00','null','null','1','0.00','smb://192.168.1.226/Programacao/SERVER/','smb://192.168.1.249/Clientes/LPLPAR/','smb://192.168.1.220/Comerciais/LPLPAR/','smb://192.168.1.249/Clientes/LPLPAR/','smb://192.168.1.249/Clientes/LPLPAR/','1');
INSERT INTO cidade VALUES('30064',(if((select count(idestado) as c from estado where sigla = 'PR') > 0 , (select idestado from estado where sigla = 'PR') , 25 ) ),'MARINGA');
INSERT INTO bairro VALUES('30064','30064','NÃO INFORMADO','AV COLOMBO','');
INSERT INTO cep VALUES('30064','30064','NÃO INFORMADO');
INSERT INTO endereco VALUES('30064','30064','9161','NÃO INFORMADO');
INSERT INTO cliente VALUES('20061','30064','10003','CATUAÍ MARINGÁ','0','1','0','1','MARPAR','1');
INSERT INTO dados_cliente VALUES('20061','20061','13.655.492/0001-03','NÃO INFORMADO','CATUAÍ MARINGÁ','0.00','null','null','1','0.00','smb://192.168.1.226/Programacao/SERVER/','smb://192.168.1.249/Clientes/MARPAR/','smb://192.168.1.220/Comerciais/MARPAR/','smb://192.168.1.249/Clientes/MARPAR/','smb://192.168.1.249/Clientes/MARPAR/','1');
INSERT INTO cidade VALUES('30065',(if((select count(idestado) as c from estado where sigla = 'RJ ') > 0 , (select idestado from estado where sigla = 'RJ ') , 25 ) ),'NÃO INFORMADO');
INSERT INTO bairro VALUES('30065','30065','NÃO INFORMADO','AV. DAS AMÉRICAS','');
INSERT INTO cep VALUES('30065','30065','NÃO INFORMADO');
INSERT INTO endereco VALUES('30065','30065','4666','NÃO INFORMADO');
INSERT INTO cliente VALUES('20062','30065','10003','METROPOLITANO BARRA','0','1','0','1','MBRPAR','1');
INSERT INTO dados_cliente VALUES('20062','20062','13.655.492/0001-03','NÃO INFORMADO','METROPOLITANO BARRA','0.00','null','null','1','0.00','smb://192.168.1.226/Programacao/SERVER/','smb://192.168.1.249/Clientes/MBRPAR/','smb://192.168.1.220/Comerciais/MBRPAR/','smb://192.168.1.249/Clientes/MBRPAR/','smb://192.168.1.249/Clientes/MBRPAR/','1');
INSERT INTO cidade VALUES('30066',(if((select count(idestado) as c from estado where sigla = 'RJ ') > 0 , (select idestado from estado where sigla = 'RJ ') , 25 ) ),'NÃO INFORMADO');
INSERT INTO bairro VALUES('30066','30066','NÃO INFORMADO','ESTRADA DA PORTELA ','');
INSERT INTO cep VALUES('30066','30066','NÃO INFORMADO');
INSERT INTO endereco VALUES('30066','30066','222','NÃO INFORMADO');
INSERT INTO cliente VALUES('20063','30066','10003','MADUREIRA SHOPPING','0','1','0','1','MDRPAR','1');
INSERT INTO dados_cliente VALUES('20063','20063','13.655.492/0001-03','NÃO INFORMADO','MADUREIRA SHOPPING','0.00','null','null','1','0.00','smb://192.168.1.226/Programacao/SERVER/','smb://192.168.1.249/Clientes/MDRPAR/','smb://192.168.1.220/Comerciais/MDRPAR/','smb://192.168.1.249/Clientes/MDRPAR/','smb://192.168.1.249/Clientes/MDRPAR/','1');
INSERT INTO cidade VALUES('30067',(if((select count(idestado) as c from estado where sigla = 'SP') > 0 , (select idestado from estado where sigla = 'SP') , 25 ) ),'NÃO INFORMADO');
INSERT INTO bairro VALUES('30067','30067','NÃO INFORMADO','AV MARECHAL FLORIANO PEIXOTO','');
INSERT INTO cep VALUES('30067','30067','NÃO INFORMADO');
INSERT INTO endereco VALUES('30067','30067','44','NÃO INFORMADO');
INSERT INTO cliente VALUES('20064','30067','10003','MIRAMAR SHOPPING','0','1','0','1','MIRPAR','1');
INSERT INTO dados_cliente VALUES('20064','20064','13.655.492/0001-03','NÃO INFORMADO','MIRAMAR SHOPPING','0.00','null','null','1','0.00','smb://192.168.1.226/Programacao/SERVER/','smb://192.168.1.249/Clientes/MIRPAR/','smb://192.168.1.220/Comerciais/MIRPAR/','smb://192.168.1.249/Clientes/MIRPAR/','smb://192.168.1.249/Clientes/MIRPAR/','1');
INSERT INTO cidade VALUES('30068',(if((select count(idestado) as c from estado where sigla = 'SP') > 0 , (select idestado from estado where sigla = 'SP') , 25 ) ),'SÃO PAULO');
INSERT INTO bairro VALUES('30068','30068','NÃO INFORMADO','AV. ROQUE PETRONI JUNIOR ','');
INSERT INTO cep VALUES('30068','30068','NÃO INFORMADO');
INSERT INTO endereco VALUES('30068','30068','1089','NÃO INFORMADO');
INSERT INTO cliente VALUES('20065','30068','10003','MORUMBI','0','1','0','1','MORPAR','1');
INSERT INTO dados_cliente VALUES('20065','20065','13.655.492/0001-03','NÃO INFORMADO','MORUMBI','0.00','null','null','1','0.00','smb://192.168.1.226/Programacao/SERVER/','smb://192.168.1.249/Clientes/MORPAR/','smb://192.168.1.220/Comerciais/MORPAR/','smb://192.168.1.249/Clientes/MORPAR/','smb://192.168.1.249/Clientes/MORPAR/','1');
INSERT INTO cidade VALUES('30069',(if((select count(idestado) as c from estado where sigla = 'RJ ') > 0 , (select idestado from estado where sigla = 'RJ ') , 25 ) ),'NÃO INFORMADO');
INSERT INTO bairro VALUES('30069','30069','NÃO INFORMADO','AV PASTOR MARTIN LUTHER KING JR','');
INSERT INTO cep VALUES('30069','30069','NÃO INFORMADO');
INSERT INTO endereco VALUES('30069','30069','126','NÃO INFORMADO');
INSERT INTO cliente VALUES('20066','30069','10003','NOVA AMERICA','0','1','0','1','NAMPAR','1');
INSERT INTO dados_cliente VALUES('20066','20066','13.655.492/0001-03','NÃO INFORMADO','NOVA AMERICA','0.00','null','null','1','0.00','smb://192.168.1.226/Programacao/SERVER/','smb://192.168.1.249/Clientes/NAMPAR/','smb://192.168.1.220/Comerciais/NAMPAR/','smb://192.168.1.249/Clientes/NAMPAR/','smb://192.168.1.249/Clientes/NAMPAR/','1');
INSERT INTO cidade VALUES('30070',(if((select count(idestado) as c from estado where sigla = 'NÃO INFORMADO') > 0 , (select idestado from estado where sigla = 'NÃO INFORMADO') , 25 ) ),'NÃO INFORMADO');
INSERT INTO bairro VALUES('30070','30070','NÃO INFORMADO','AV SYLVIO BARROS','');
INSERT INTO cep VALUES('30070','30070','NÃO INFORMADO');
INSERT INTO endereco VALUES('30070','30070','100','NÃO INFORMADO');
INSERT INTO cliente VALUES('20067','30070','10003','LONDRINA NORTE SHOPPING','0','1','0','1','NLNPAR','1');
INSERT INTO dados_cliente VALUES('20067','20067','13.655.492/0001-03','NÃO INFORMADO','LONDRINA NORTE SHOPPING','0.00','null','null','1','0.00','smb://192.168.1.226/Programacao/SERVER/','smb://192.168.1.249/Clientes/NLNPAR/','smb://192.168.1.220/Comerciais/NLNPAR/','smb://192.168.1.249/Clientes/NLNPAR/','smb://192.168.1.249/Clientes/NLNPAR/','1');
INSERT INTO cidade VALUES('30071',(if((select count(idestado) as c from estado where sigla = 'RJ ') > 0 , (select idestado from estado where sigla = 'RJ ') , 25 ) ),'NÃO INFORMADO');
INSERT INTO bairro VALUES('30071','30071','NÃO INFORMADO','R DOM HELDER CÂMARA ','');
INSERT INTO cep VALUES('30071','30071','NÃO INFORMADO');
INSERT INTO endereco VALUES('30071','30071','5080','NÃO INFORMADO');
INSERT INTO cliente VALUES('20068','30071','10003','NORTE SHOPPING','0','1','0','1','NSHPAR','1');
INSERT INTO dados_cliente VALUES('20068','20068','13.655.492/0001-03','NÃO INFORMADO','NORTE SHOPPING','0.00','null','null','1','0.00','smb://192.168.1.226/Programacao/SERVER/','smb://192.168.1.249/Clientes/NSHPAR/','smb://192.168.1.220/Comerciais/NSHPAR/','smb://192.168.1.249/Clientes/NSHPAR/','smb://192.168.1.249/Clientes/NSHPAR/','1');
INSERT INTO cidade VALUES('30072',(if((select count(idestado) as c from estado where sigla = 'RJ ') > 0 , (select idestado from estado where sigla = 'RJ ') , 25 ) ),'NÃO INFORMADO');
INSERT INTO bairro VALUES('30072','30072','NÃO INFORMADO',' R. QUINZE DE NOVEMBRO','');
INSERT INTO cep VALUES('30072','30072','NÃO INFORMADO');
INSERT INTO endereco VALUES('30072','30072','8','NÃO INFORMADO');
INSERT INTO cliente VALUES('20069','30072','10003','PLAZA SHOPPING NITEROI','0','1','0','1','NTRPAR','1');
INSERT INTO dados_cliente VALUES('20069','20069','13.655.492/0001-03','NÃO INFORMADO','PLAZA SHOPPING NITEROI','0.00','null','null','1','0.00','smb://192.168.1.226/Programacao/SERVER/','smb://192.168.1.249/Clientes/NTRPAR/','smb://192.168.1.220/Comerciais/NTRPAR/','smb://192.168.1.249/Clientes/NTRPAR/','smb://192.168.1.249/Clientes/NTRPAR/','1');
INSERT INTO cidade VALUES('30073',(if((select count(idestado) as c from estado where sigla = 'SP') > 0 , (select idestado from estado where sigla = 'SP') , 25 ) ),'SÃO PAULO');
INSERT INTO bairro VALUES('30073','30073','NÃO INFORMADO','R. PAGEÚ','');
INSERT INTO cep VALUES('30073','30073','NÃO INFORMADO');
INSERT INTO endereco VALUES('30073','30073','266','NÃO INFORMADO');
INSERT INTO cliente VALUES('20070','30073','10003','PRAÇA DA ÁRVORE','0','1','0','1','PAEPAR','1');
INSERT INTO dados_cliente VALUES('20070','20070','13.655.492/0001-03','NÃO INFORMADO','PRAÇA DA ÁRVORE','0.00','null','null','1','0.00','smb://192.168.1.226/Programacao/SERVER/','smb://192.168.1.249/Clientes/PAEPAR/','smb://192.168.1.220/Comerciais/PAEPAR/','smb://192.168.1.249/Clientes/PAEPAR/','smb://192.168.1.249/Clientes/PAEPAR/','1');
INSERT INTO cidade VALUES('30074',(if((select count(idestado) as c from estado where sigla = 'DF') > 0 , (select idestado from estado where sigla = 'DF') , 25 ) ),'NÃO INFORMADO');
INSERT INTO bairro VALUES('30074','30074','NÃO INFORMADO','SAI/SO ÁREA 6580','');
INSERT INTO cep VALUES('30074','30074','NÃO INFORMADO');
INSERT INTO endereco VALUES('30074','30074','6580','NÃO INFORMADO');
INSERT INTO cliente VALUES('20071','30074','10003','PARK SHOPPING','0','1','0','1','PARPAR','1');
INSERT INTO dados_cliente VALUES('20071','20071','13.655.492/0001-03','NÃO INFORMADO','PARK SHOPPING','0.00','null','null','1','0.00','smb://192.168.1.226/Programacao/SERVER/','smb://192.168.1.249/Clientes/PARPAR/','smb://192.168.1.220/Comerciais/PARPAR/','smb://192.168.1.249/Clientes/PARPAR/','smb://192.168.1.249/Clientes/PARPAR/','1');
INSERT INTO cidade VALUES('30075',(if((select count(idestado) as c from estado where sigla = 'NÃO INFORMADO') > 0 , (select idestado from estado where sigla = 'NÃO INFORMADO') , 25 ) ),'NÃO INFORMADO');
INSERT INTO bairro VALUES('30075','30075','NÃO INFORMADO','NÃO INFORMADO','');
INSERT INTO cep VALUES('30075','30075','NÃO INFORMADO');
INSERT INTO endereco VALUES('30075','30075','NÃO INFORMADO','NÃO INFORMADO');
INSERT INTO cliente VALUES('20072','30075','10003','SHOPPING PASSEIO DAS ÁGUAS','0','1','0','1','PASPAR','1');
INSERT INTO dados_cliente VALUES('20072','20072','13.655.492/0001-03','NÃO INFORMADO','SHOPPING PASSEIO DAS ÁGUAS','0.00','null','null','1','0.00','smb://192.168.1.226/Programacao/SERVER/','smb://192.168.1.249/Clientes/PASPAR/','smb://192.168.1.220/Comerciais/PASPAR/','smb://192.168.1.249/Clientes/PASPAR/','smb://192.168.1.249/Clientes/PASPAR/','1');
INSERT INTO cidade VALUES('30076',(if((select count(idestado) as c from estado where sigla = 'NÃO INFORMADO') > 0 , (select idestado from estado where sigla = 'NÃO INFORMADO') , 25 ) ),'NÃO INFORMADO');
INSERT INTO bairro VALUES('30076','30076','NÃO INFORMADO','NÃO INFORMADO','');
INSERT INTO cep VALUES('30076','30076','NÃO INFORMADO');
INSERT INTO endereco VALUES('30076','30076','NÃO INFORMADO','NÃO INFORMADO');
INSERT INTO cliente VALUES('20073','30076','10003','IGUATEMI PRAIA DE BELAS','0','1','0','1','PBLPAR','1');
INSERT INTO dados_cliente VALUES('20073','20073','13.655.492/0001-03','NÃO INFORMADO','IGUATEMI PRAIA DE BELAS','0.00','null','null','1','0.00','smb://192.168.1.226/Programacao/SERVER/','smb://192.168.1.249/Clientes/PBLPAR/','smb://192.168.1.220/Comerciais/PBLPAR/','smb://192.168.1.249/Clientes/PBLPAR/','smb://192.168.1.249/Clientes/PBLPAR/','1');
INSERT INTO cidade VALUES('30077',(if((select count(idestado) as c from estado where sigla = 'DF') > 0 , (select idestado from estado where sigla = 'DF') , 25 ) ),'NÃO INFORMADO');
INSERT INTO bairro VALUES('30077','30077','NÃO INFORMADO','SITO NO SCES - TRECHO 02, CONJUNTO 32 LOJA P 03','');
INSERT INTO cep VALUES('30077','30077','NÃO INFORMADO');
INSERT INTO endereco VALUES('30077','30077','NÃO INFORMADO','NÃO INFORMADO');
INSERT INTO cliente VALUES('20074','30077','10003','PIER 21','0','1','0','1','PIEPAR','1');
INSERT INTO dados_cliente VALUES('20074','20074','13.655.492/0001-03','NÃO INFORMADO','PIER 21','0.00','null','null','1','0.00','smb://192.168.1.226/Programacao/SERVER/','smb://192.168.1.249/Clientes/PIEPAR/','smb://192.168.1.220/Comerciais/PIEPAR/','smb://192.168.1.249/Clientes/PIEPAR/','smb://192.168.1.249/Clientes/PIEPAR/','1');
INSERT INTO cidade VALUES('30078',(if((select count(idestado) as c from estado where sigla = 'NÃO INFORMADO') > 0 , (select idestado from estado where sigla = 'NÃO INFORMADO') , 25 ) ),'NÃO INFORMADO');
INSERT INTO bairro VALUES('30078','30078','NÃO INFORMADO','NÃO INFORMADO','');
INSERT INTO cep VALUES('30078','30078','NÃO INFORMADO');
INSERT INTO endereco VALUES('30078','30078','NÃO INFORMADO','NÃO INFORMADO');
INSERT INTO cliente VALUES('20075','30078','10003','OUTLET PLATINUM','0','1','0','1','PLNPAR','1');
INSERT INTO dados_cliente VALUES('20075','20075','13.655.492/0001-03','NÃO INFORMADO','OUTLET PLATINUM','0.00','null','null','1','0.00','smb://192.168.1.226/Programacao/SERVER/','smb://192.168.1.249/Clientes/PLNPAR/','smb://192.168.1.220/Comerciais/PLNPAR/','smb://192.168.1.249/Clientes/PLNPAR/','smb://192.168.1.249/Clientes/PLNPAR/','1');
INSERT INTO cidade VALUES('30079',(if((select count(idestado) as c from estado where sigla = 'SP') > 0 , (select idestado from estado where sigla = 'SP') , 25 ) ),'NÃO INFORMADO');
INSERT INTO bairro VALUES('30079','30079','NÃO INFORMADO','RUA MANOEL DA NOBREGA','');
INSERT INTO cep VALUES('30079','30079','NÃO INFORMADO');
INSERT INTO endereco VALUES('30079','30079','712','NÃO INFORMADO');
INSERT INTO cliente VALUES('20076','30079','10003','PRAÇA DA MOÇA','0','1','0','1','PMCPAR','1');
INSERT INTO dados_cliente VALUES('20076','20076','13.655.492/0001-03','NÃO INFORMADO','PRAÇA DA MOÇA','0.00','null','null','1','0.00','smb://192.168.1.226/Programacao/SERVER/','smb://192.168.1.249/Clientes/PMCPAR/','smb://192.168.1.220/Comerciais/PMCPAR/','smb://192.168.1.249/Clientes/PMCPAR/','smb://192.168.1.249/Clientes/PMCPAR/','1');
INSERT INTO cidade VALUES('30080',(if((select count(idestado) as c from estado where sigla = 'NÃO INFORMADO') > 0 , (select idestado from estado where sigla = 'NÃO INFORMADO') , 25 ) ),'NÃO INFORMADO');
INSERT INTO bairro VALUES('30080','30080','NÃO INFORMADO','NÃO INFORMADO','');
INSERT INTO cep VALUES('30080','30080','NÃO INFORMADO');
INSERT INTO endereco VALUES('30080','30080','NÃO INFORMADO','NÃO INFORMADO');
INSERT INTO cliente VALUES('20077','30080','10003','PÁTIO MARABÁ','0','1','0','1','PMRPAR','1');
INSERT INTO dados_cliente VALUES('20077','20077','13.655.492/0001-03','NÃO INFORMADO','PÁTIO MARABÁ','0.00','null','null','1','0.00','smb://192.168.1.226/Programacao/SERVER/','smb://192.168.1.249/Clientes/PMRPAR/','smb://192.168.1.220/Comerciais/PMRPAR/','smb://192.168.1.249/Clientes/PMRPAR/','smb://192.168.1.249/Clientes/PMRPAR/','1');
INSERT INTO cidade VALUES('30081',(if((select count(idestado) as c from estado where sigla = 'NÃO INFORMADO') > 0 , (select idestado from estado where sigla = 'NÃO INFORMADO') , 25 ) ),'NÃO INFORMADO');
INSERT INTO bairro VALUES('30081','30081','NÃO INFORMADO','NÃO INFORMADO','');
INSERT INTO cep VALUES('30081','30081','NÃO INFORMADO');
INSERT INTO endereco VALUES('30081','30081','NÃO INFORMADO','NÃO INFORMADO');
INSERT INTO cliente VALUES('20078','30081','10003','CENTER PENHA','0','1','0','1','PNHPAR','1');
INSERT INTO dados_cliente VALUES('20078','20078','13.655.492/0001-03','NÃO INFORMADO','CENTER PENHA','0.00','null','null','1','0.00','smb://192.168.1.226/Programacao/SERVER/','smb://192.168.1.249/Clientes/PNHPAR/','smb://192.168.1.220/Comerciais/PNHPAR/','smb://192.168.1.249/Clientes/PNHPAR/','smb://192.168.1.249/Clientes/PNHPAR/','1');
INSERT INTO cidade VALUES('30082',(if((select count(idestado) as c from estado where sigla = 'NÃO INFORMADO') > 0 , (select idestado from estado where sigla = 'NÃO INFORMADO') , 25 ) ),'NÃO INFORMADO');
INSERT INTO bairro VALUES('30082','30082','NÃO INFORMADO','NÃO INFORMADO','');
INSERT INTO cep VALUES('30082','30082','NÃO INFORMADO');
INSERT INTO endereco VALUES('30082','30082','NÃO INFORMADO','NÃO INFORMADO');
INSERT INTO cliente VALUES('20079','30082','10003','PÁTIO PAULISTA','0','1','0','1','PPLPAR','1');
INSERT INTO dados_cliente VALUES('20079','20079','13.655.492/0001-03','NÃO INFORMADO','PÁTIO PAULISTA','0.00','null','null','1','0.00','smb://192.168.1.226/Programacao/SERVER/','smb://192.168.1.249/Clientes/PPLPAR/','smb://192.168.1.220/Comerciais/PPLPAR/','smb://192.168.1.249/Clientes/PPLPAR/','smb://192.168.1.249/Clientes/PPLPAR/','1');
INSERT INTO cidade VALUES('30083',(if((select count(idestado) as c from estado where sigla = 'NÃO INFORMADO') > 0 , (select idestado from estado where sigla = 'NÃO INFORMADO') , 25 ) ),'NÃO INFORMADO');
INSERT INTO bairro VALUES('30083','30083','NÃO INFORMADO','NÃO INFORMADO','');
INSERT INTO cep VALUES('30083','30083','NÃO INFORMADO');
INSERT INTO endereco VALUES('30083','30083','NÃO INFORMADO','NÃO INFORMADO');
INSERT INTO cliente VALUES('20080','30083','10003','SHOPPING PIRITUBA','0','1','0','1','PRTPAR','1');
INSERT INTO dados_cliente VALUES('20080','20080','13.655.492/0001-03','NÃO INFORMADO','SHOPPING PIRITUBA','0.00','null','null','1','0.00','smb://192.168.1.226/Programacao/SERVER/','smb://192.168.1.249/Clientes/PRTPAR/','smb://192.168.1.220/Comerciais/PRTPAR/','smb://192.168.1.249/Clientes/PRTPAR/','smb://192.168.1.249/Clientes/PRTPAR/','1');
INSERT INTO cidade VALUES('30084',(if((select count(idestado) as c from estado where sigla = 'SP') > 0 , (select idestado from estado where sigla = 'SP') , 25 ) ),'NÃO INFORMADO');
INSERT INTO bairro VALUES('30084','30084','NÃO INFORMADO','AV. CORONEL FERNANDO FERREIRA LEITE ','');
INSERT INTO cep VALUES('30084','30084','NÃO INFORMADO');
INSERT INTO endereco VALUES('30084','30084','1540','NÃO INFORMADO');
INSERT INTO cliente VALUES('20081','30084','10003','RIBEIRÃO SHOPPING','0','1','0','1','RBPPAR','1');
INSERT INTO dados_cliente VALUES('20081','20081','13.655.492/0001-03','NÃO INFORMADO','RIBEIRÃO SHOPPING','0.00','null','null','1','0.00','smb://192.168.1.226/Programacao/SERVER/','smb://192.168.1.249/Clientes/RBPPAR/','smb://192.168.1.220/Comerciais/RBPPAR/','smb://192.168.1.249/Clientes/RBPPAR/','smb://192.168.1.249/Clientes/RBPPAR/','1');
INSERT INTO cidade VALUES('30085',(if((select count(idestado) as c from estado where sigla = 'PE') > 0 , (select idestado from estado where sigla = 'PE') , 25 ) ),'RECIFE');
INSERT INTO bairro VALUES('30085','30085','NÃO INFORMADO','RUA PADRE CARAPUCEIRO','');
INSERT INTO cep VALUES('30085','30085','NÃO INFORMADO');
INSERT INTO endereco VALUES('30085','30085','777','NÃO INFORMADO');
INSERT INTO cliente VALUES('20082','30085','10003','RECIFE SHOPPING','0','1','0','1','RCFPAR','1');
INSERT INTO dados_cliente VALUES('20082','20082','13.655.492/0001-03','NÃO INFORMADO','RECIFE SHOPPING','0.00','null','null','1','0.00','smb://192.168.1.226/Programacao/SERVER/','smb://192.168.1.249/Clientes/RCFPAR/','smb://192.168.1.220/Comerciais/RCFPAR/','smb://192.168.1.249/Clientes/RCFPAR/','smb://192.168.1.249/Clientes/RCFPAR/','1');
INSERT INTO cidade VALUES('30086',(if((select count(idestado) as c from estado where sigla = 'NÃO INFORMADO') > 0 , (select idestado from estado where sigla = 'NÃO INFORMADO') , 25 ) ),'NÃO INFORMADO');
INSERT INTO bairro VALUES('30086','30086','NÃO INFORMADO','NÃO INFORMADO','');
INSERT INTO cep VALUES('30086','30086','NÃO INFORMADO');
INSERT INTO endereco VALUES('30086','30086','NÃO INFORMADO','NÃO INFORMADO');
INSERT INTO cliente VALUES('20083','30086','10003','RIO MAR','0','1','0','1','RMRPAR','1');
INSERT INTO dados_cliente VALUES('20083','20083','13.655.492/0001-03','NÃO INFORMADO','RIO MAR','0.00','null','null','1','0.00','smb://192.168.1.226/Programacao/SERVER/','smb://192.168.1.249/Clientes/RMRPAR/','smb://192.168.1.220/Comerciais/RMRPAR/','smb://192.168.1.249/Clientes/RMRPAR/','smb://192.168.1.249/Clientes/RMRPAR/','1');
INSERT INTO cidade VALUES('30087',(if((select count(idestado) as c from estado where sigla = 'SP') > 0 , (select idestado from estado where sigla = 'SP') , 25 ) ),'NÃO INFORMADO');
INSERT INTO bairro VALUES('30087','30087','NÃO INFORMADO','ROD RAPOSO TAVARES','');
INSERT INTO cep VALUES('30087','30087','NÃO INFORMADO');
INSERT INTO endereco VALUES('30087','30087','S/N ','NÃO INFORMADO');
INSERT INTO cliente VALUES('20084','30087','10003','RAPOSO SHOOPING','0','1','0','1','RPSPAR','1');
INSERT INTO dados_cliente VALUES('20084','20084','13.655.492/0001-03','NÃO INFORMADO','RAPOSO SHOOPING','0.00','null','null','1','0.00','smb://192.168.1.226/Programacao/SERVER/','smb://192.168.1.249/Clientes/RPSPAR/','smb://192.168.1.220/Comerciais/RPSPAR/','smb://192.168.1.249/Clientes/RPSPAR/','smb://192.168.1.249/Clientes/RPSPAR/','1');
INSERT INTO cidade VALUES('30088',(if((select count(idestado) as c from estado where sigla = 'SP') > 0 , (select idestado from estado where sigla = 'SP') , 25 ) ),'SÃO BERNARDO');
INSERT INTO bairro VALUES('30088','30088','NÃO INFORMADO','AV ROTARY','');
INSERT INTO cep VALUES('30088','30088','NÃO INFORMADO');
INSERT INTO endereco VALUES('30088','30088','624','NÃO INFORMADO');
INSERT INTO cliente VALUES('20085','30088','10003','SÃO BERNARDO','0','1','0','1','SBNPAR','1');
INSERT INTO dados_cliente VALUES('20085','20085','13.655.492/0001-03','NÃO INFORMADO','SÃO BERNARDO','0.00','null','null','1','0.00','smb://192.168.1.226/Programacao/SERVER/','smb://192.168.1.249/Clientes/SBNPAR/','smb://192.168.1.220/Comerciais/SBNPAR/','smb://192.168.1.249/Clientes/SBNPAR/','smb://192.168.1.249/Clientes/SBNPAR/','1');
INSERT INTO cidade VALUES('30089',(if((select count(idestado) as c from estado where sigla = 'SP') > 0 , (select idestado from estado where sigla = 'SP') , 25 ) ),'SÃO CAETANO');
INSERT INTO bairro VALUES('30089','30089','NÃO INFORMADO','ALAMEDA TERRACOTA','');
INSERT INTO cep VALUES('30089','30089','NÃO INFORMADO');
INSERT INTO endereco VALUES('30089','30089','545','NÃO INFORMADO');
INSERT INTO cliente VALUES('20086','30089','10003','PARK SHOPPING SÃO CAETANO','0','1','0','1','SCTPAR','1');
INSERT INTO dados_cliente VALUES('20086','20086','13.655.492/0001-03','NÃO INFORMADO','PARK SHOPPING SÃO CAETANO','0.00','null','null','1','0.00','smb://192.168.1.226/Programacao/SERVER/','smb://192.168.1.249/Clientes/SCTPAR/','smb://192.168.1.220/Comerciais/SCTPAR/','smb://192.168.1.249/Clientes/SCTPAR/','smb://192.168.1.249/Clientes/SCTPAR/','1');
INSERT INTO cidade VALUES('30090',(if((select count(idestado) as c from estado where sigla = 'NÃO INFORMADO') > 0 , (select idestado from estado where sigla = 'NÃO INFORMADO') , 25 ) ),'NÃO INFORMADO');
INSERT INTO bairro VALUES('30090','30090','NÃO INFORMADO','NÃO INFORMADO','');
INSERT INTO cep VALUES('30090','30090','NÃO INFORMADO');
INSERT INTO endereco VALUES('30090','30090','NÃO INFORMADO','NÃO INFORMADO');
INSERT INTO cliente VALUES('20087','30090','10003','SALVADOR OUTLET','0','1','0','1','SLVPAR','1');
INSERT INTO dados_cliente VALUES('20087','20087','13.655.492/0001-03','NÃO INFORMADO','SALVADOR OUTLET','0.00','null','null','1','0.00','smb://192.168.1.226/Programacao/SERVER/','smb://192.168.1.249/Clientes/SLVPAR/','smb://192.168.1.220/Comerciais/SLVPAR/','smb://192.168.1.249/Clientes/SLVPAR/','smb://192.168.1.249/Clientes/SLVPAR/','1');
INSERT INTO cidade VALUES('30091',(if((select count(idestado) as c from estado where sigla = 'SP') > 0 , (select idestado from estado where sigla = 'SP') , 25 ) ),'SÃO PAULO');
INSERT INTO bairro VALUES('30091','30091','NÃO INFORMADO','R CAPITÃO PACHECO CHAVES ','');
INSERT INTO cep VALUES('30091','30091','NÃO INFORMADO');
INSERT INTO endereco VALUES('30091','30091','313','NÃO INFORMADO');
INSERT INTO cliente VALUES('20088','30091','10003','MOOCA PLAZA','0','1','0','1','SMCPAR','1');
INSERT INTO dados_cliente VALUES('20088','20088','13.655.492/0001-03','NÃO INFORMADO','MOOCA PLAZA','0.00','null','null','1','0.00','smb://192.168.1.226/Programacao/SERVER/','smb://192.168.1.249/Clientes/SMCPAR/','smb://192.168.1.220/Comerciais/SMCPAR/','smb://192.168.1.249/Clientes/SMCPAR/','smb://192.168.1.249/Clientes/SMCPAR/','1');
INSERT INTO cidade VALUES('30092',(if((select count(idestado) as c from estado where sigla = 'BA') > 0 , (select idestado from estado where sigla = 'BA') , 25 ) ),'SALVADOR');
INSERT INTO bairro VALUES('30092','30092','NÃO INFORMADO','RODOVIA BA-526','');
INSERT INTO cep VALUES('30092','30092','NÃO INFORMADO');
INSERT INTO endereco VALUES('30092','30092','526/305 ','NÃO INFORMADO');
INSERT INTO cliente VALUES('20089','30092','10003','SALVADOR NORTE','0','1','0','1','SNRPAR','1');
INSERT INTO dados_cliente VALUES('20089','20089','13.655.492/0001-03','NÃO INFORMADO','SALVADOR NORTE','0.00','null','null','1','0.00','smb://192.168.1.226/Programacao/SERVER/','smb://192.168.1.249/Clientes/SNRPAR/','smb://192.168.1.220/Comerciais/SNRPAR/','smb://192.168.1.249/Clientes/SNRPAR/','smb://192.168.1.249/Clientes/SNRPAR/','1');
INSERT INTO cidade VALUES('30093',(if((select count(idestado) as c from estado where sigla = 'SP') > 0 , (select idestado from estado where sigla = 'SP') , 25 ) ),'NÃO INFORMADO');
INSERT INTO bairro VALUES('30093','30093','NÃO INFORMADO','AV NAÇÕES UNIDAS','');
INSERT INTO cep VALUES('30093','30093','NÃO INFORMADO');
INSERT INTO endereco VALUES('30093','30093','22540','NÃO INFORMADO');
INSERT INTO cliente VALUES('20090','30093','10003','SP MARKET','0','1','0','1','SPMPAR','1');
INSERT INTO dados_cliente VALUES('20090','20090','13.655.492/0001-03','NÃO INFORMADO','SP MARKET','0.00','null','null','1','0.00','smb://192.168.1.226/Programacao/SERVER/','smb://192.168.1.249/Clientes/SPMPAR/','smb://192.168.1.220/Comerciais/SPMPAR/','smb://192.168.1.249/Clientes/SPMPAR/','smb://192.168.1.249/Clientes/SPMPAR/','1');
INSERT INTO cidade VALUES('30094',(if((select count(idestado) as c from estado where sigla = 'NÃO INFORMADO') > 0 , (select idestado from estado where sigla = 'NÃO INFORMADO') , 25 ) ),'NÃO INFORMADO');
INSERT INTO bairro VALUES('30094','30094','NÃO INFORMADO','NÃO INFORMADO','');
INSERT INTO cep VALUES('30094','30094','NÃO INFORMADO');
INSERT INTO endereco VALUES('30094','30094','NÃO INFORMADO','NÃO INFORMADO');
INSERT INTO cliente VALUES('20091','30094','10003','SP PRIME OUTLET','0','1','0','1','SPPPAR','1');
INSERT INTO dados_cliente VALUES('20091','20091','13.655.492/0001-03','NÃO INFORMADO','SP PRIME OUTLET','0.00','null','null','1','0.00','smb://192.168.1.226/Programacao/SERVER/','smb://192.168.1.249/Clientes/SPPPAR/','smb://192.168.1.220/Comerciais/SPPPAR/','smb://192.168.1.249/Clientes/SPPPAR/','smb://192.168.1.249/Clientes/SPPPAR/','1');
INSERT INTO cidade VALUES('30095',(if((select count(idestado) as c from estado where sigla = 'SP') > 0 , (select idestado from estado where sigla = 'SP') , 25 ) ),'OSASCO');
INSERT INTO bairro VALUES('30095','30095','NÃO INFORMADO','AV DOS AUTONOMISTAS','');
INSERT INTO cep VALUES('30095','30095','NÃO INFORMADO');
INSERT INTO endereco VALUES('30095','30095','1828','NÃO INFORMADO');
INSERT INTO cliente VALUES('20092','30095','10003','SUPER SHOPPING OSASCO','0','1','0','1','SSOPAR','1');
INSERT INTO dados_cliente VALUES('20092','20092','13.655.492/0001-03','NÃO INFORMADO','SUPER SHOPPING OSASCO','0.00','null','null','1','0.00','smb://192.168.1.226/Programacao/SERVER/','smb://192.168.1.249/Clientes/SSOPAR/','smb://192.168.1.220/Comerciais/SSOPAR/','smb://192.168.1.249/Clientes/SSOPAR/','smb://192.168.1.249/Clientes/SSOPAR/','1');
INSERT INTO cidade VALUES('30096',(if((select count(idestado) as c from estado where sigla = 'SP') > 0 , (select idestado from estado where sigla = 'SP') , 25 ) ),'NÃO INFORMADO');
INSERT INTO bairro VALUES('30096','30096','NÃO INFORMADO','R SÃO JOSÉ ','');
INSERT INTO cep VALUES('30096','30096','NÃO INFORMADO');
INSERT INTO endereco VALUES('30096','30096','933','NÃO INFORMADO');
INSERT INTO cliente VALUES('20093','30096','10003','SANTA URSULA','0','1','0','1','SURPAR','1');
INSERT INTO dados_cliente VALUES('20093','20093','13.655.492/0001-03','NÃO INFORMADO','SANTA URSULA','0.00','null','null','1','0.00','smb://192.168.1.226/Programacao/SERVER/','smb://192.168.1.249/Clientes/SURPAR/','smb://192.168.1.220/Comerciais/SURPAR/','smb://192.168.1.249/Clientes/SURPAR/','smb://192.168.1.249/Clientes/SURPAR/','1');
INSERT INTO cidade VALUES('30097',(if((select count(idestado) as c from estado where sigla = 'SP') > 0 , (select idestado from estado where sigla = 'SP') , 25 ) ),'TABOAO DA SERRA');
INSERT INTO bairro VALUES('30097','30097','NÃO INFORMADO','ROD REGIS BITTENCOURT, KM 271,5 ','');
INSERT INTO cep VALUES('30097','30097','NÃO INFORMADO');
INSERT INTO endereco VALUES('30097','30097','NÃO INFORMADO','NÃO INFORMADO');
INSERT INTO cliente VALUES('20094','30097','10003','SHOPPING TABOÃO','0','1','0','1','TBOPAR','1');
INSERT INTO dados_cliente VALUES('20094','20094','13.655.492/0001-03','NÃO INFORMADO','SHOPPING TABOÃO','0.00','null','null','1','0.00','smb://192.168.1.226/Programacao/SERVER/','smb://192.168.1.249/Clientes/TBOPAR/','smb://192.168.1.220/Comerciais/TBOPAR/','smb://192.168.1.249/Clientes/TBOPAR/','smb://192.168.1.249/Clientes/TBOPAR/','1');
INSERT INTO cidade VALUES('30098',(if((select count(idestado) as c from estado where sigla = 'NÃO INFORMADO') > 0 , (select idestado from estado where sigla = 'NÃO INFORMADO') , 25 ) ),'TAUBATÉ');
INSERT INTO bairro VALUES('30098','30098','NÃO INFORMADO','NÃO INFORMADO','');
INSERT INTO cep VALUES('30098','30098','NÃO INFORMADO');
INSERT INTO endereco VALUES('30098','30098','NÃO INFORMADO','NÃO INFORMADO');
INSERT INTO cliente VALUES('20095','30098','10003','TAUBATÉ','0','1','0','1','TBTPAR','1');
INSERT INTO dados_cliente VALUES('20095','20095','13.655.492/0001-03','NÃO INFORMADO','TAUBATÉ','0.00','null','null','1','0.00','smb://192.168.1.226/Programacao/SERVER/','smb://192.168.1.249/Clientes/TBTPAR/','smb://192.168.1.220/Comerciais/TBTPAR/','smb://192.168.1.249/Clientes/TBTPAR/','smb://192.168.1.249/Clientes/TBTPAR/','1');
INSERT INTO cidade VALUES('30099',(if((select count(idestado) as c from estado where sigla = 'SP') > 0 , (select idestado from estado where sigla = 'SP') , 25 ) ),'NÃO INFORMADO');
INSERT INTO bairro VALUES('30099','30099','NÃO INFORMADO','AV. PIRACEMA ','');
INSERT INTO cep VALUES('30099','30099','NÃO INFORMADO');
INSERT INTO endereco VALUES('30099','30099','669','NÃO INFORMADO');
INSERT INTO cliente VALUES('20096','30099','10003','SHOPPING TAMBORÉ','0','1','0','1','TMBPAR','1');
INSERT INTO dados_cliente VALUES('20096','20096','13.655.492/0001-03','NÃO INFORMADO','SHOPPING TAMBORÉ','0.00','null','null','1','0.00','smb://192.168.1.226/Programacao/SERVER/','smb://192.168.1.249/Clientes/TMBPAR/','smb://192.168.1.220/Comerciais/TMBPAR/','smb://192.168.1.249/Clientes/TMBPAR/','smb://192.168.1.249/Clientes/TMBPAR/','1');
INSERT INTO cidade VALUES('30100',(if((select count(idestado) as c from estado where sigla = 'MG') > 0 , (select idestado from estado where sigla = 'MG') , 25 ) ),'UBERLANDIA');
INSERT INTO bairro VALUES('30100','30100','NÃO INFORMADO','AV PAULO GRACINDO','');
INSERT INTO cep VALUES('30100','30100','NÃO INFORMADO');
INSERT INTO endereco VALUES('30100','30100','15','NÃO INFORMADO');
INSERT INTO cliente VALUES('20097','30100','10003','UBERLANDIA SHOPPING','0','1','0','1','UBLPAR','1');
INSERT INTO dados_cliente VALUES('20097','20097','13.655.492/0001-03','NÃO INFORMADO','UBERLANDIA SHOPPING','0.00','null','null','1','0.00','smb://192.168.1.226/Programacao/SERVER/','smb://192.168.1.249/Clientes/UBLPAR/','smb://192.168.1.220/Comerciais/UBLPAR/','smb://192.168.1.249/Clientes/UBLPAR/','smb://192.168.1.249/Clientes/UBLPAR/','1');
INSERT INTO cidade VALUES('30101',(if((select count(idestado) as c from estado where sigla = 'RJ ') > 0 , (select idestado from estado where sigla = 'RJ ') , 25 ) ),'NÃO INFORMADO');
INSERT INTO bairro VALUES('30101','30101','NÃO INFORMADO','R ITAPERA','');
INSERT INTO cep VALUES('30101','30101','NÃO INFORMADO');
INSERT INTO endereco VALUES('30101','30101','500','NÃO INFORMADO');
INSERT INTO cliente VALUES('20098','30101','10003','VIA BRASIL','0','1','0','1','VBRPAR','1');
INSERT INTO dados_cliente VALUES('20098','20098','13.655.492/0001-03','NÃO INFORMADO','VIA BRASIL','0.00','null','null','1','0.00','smb://192.168.1.226/Programacao/SERVER/','smb://192.168.1.249/Clientes/VBRPAR/','smb://192.168.1.220/Comerciais/VBRPAR/','smb://192.168.1.249/Clientes/VBRPAR/','smb://192.168.1.249/Clientes/VBRPAR/','1');
INSERT INTO cidade VALUES('30102',(if((select count(idestado) as c from estado where sigla = 'NÃO INFORMADO') > 0 , (select idestado from estado where sigla = 'NÃO INFORMADO') , 25 ) ),'NÃO INFORMADO');
INSERT INTO bairro VALUES('30102','30102','NÃO INFORMADO','AV. AYRTON SENNA ','');
INSERT INTO cep VALUES('30102','30102','NÃO INFORMADO');
INSERT INTO endereco VALUES('30102','30102','3000','NÃO INFORMADO');
INSERT INTO cliente VALUES('20099','30102','10003','SHOPPING VILA VELHA','0','1','0','1','VILPAR','1');
INSERT INTO dados_cliente VALUES('20099','20099','13.655.492/0001-03','NÃO INFORMADO','SHOPPING VILA VELHA','0.00','null','null','1','0.00','smb://192.168.1.226/Programacao/SERVER/','smb://192.168.1.249/Clientes/VILPAR/','smb://192.168.1.220/Comerciais/VILPAR/','smb://192.168.1.249/Clientes/VILPAR/','smb://192.168.1.249/Clientes/VILPAR/','1');
INSERT INTO cidade VALUES('30103',(if((select count(idestado) as c from estado where sigla = 'ES') > 0 , (select idestado from estado where sigla = 'ES') , 25 ) ),'VILA VELHA');
INSERT INTO bairro VALUES('30103','30103','NÃO INFORMADO','NÃO INFORMADO','');
INSERT INTO cep VALUES('30103','30103','NÃO INFORMADO');
INSERT INTO endereco VALUES('30103','30103','NÃO INFORMADO','NÃO INFORMADO');
INSERT INTO cliente VALUES('20100','30103','10003','VIA PARQUE SHOPPING','0','1','0','1','VPRPAR','1');
INSERT INTO dados_cliente VALUES('20100','20100','13.655.492/0001-03','NÃO INFORMADO','VIA PARQUE SHOPPING','0.00','null','null','1','0.00','smb://192.168.1.226/Programacao/SERVER/','smb://192.168.1.249/Clientes/VPRPAR/','smb://192.168.1.220/Comerciais/VPRPAR/','smb://192.168.1.249/Clientes/VPRPAR/','smb://192.168.1.249/Clientes/VPRPAR/','1');
INSERT INTO cidade VALUES('30104',(if((select count(idestado) as c from estado where sigla = 'SP') > 0 , (select idestado from estado where sigla = 'SP') , 25 ) ),'SÃO PAULO');
INSERT INTO bairro VALUES('30104','30104','NÃO INFORMADO','AV. ANTÁRTICA ','');
INSERT INTO cep VALUES('30104','30104','NÃO INFORMADO');
INSERT INTO endereco VALUES('30104','30104','380','NÃO INFORMADO');
INSERT INTO cliente VALUES('20101','30104','10003','VILA VELHA - ES','0','1','0','1','VVLPAR','1');
INSERT INTO dados_cliente VALUES('20101','20101','13.655.492/0001-03','NÃO INFORMADO','VILA VELHA - ES','0.00','null','null','1','0.00','smb://192.168.1.226/Programacao/SERVER/','smb://192.168.1.249/Clientes/VVLPAR/','smb://192.168.1.220/Comerciais/VVLPAR/','smb://192.168.1.249/Clientes/VVLPAR/','smb://192.168.1.249/Clientes/VVLPAR/','1');
INSERT INTO cidade VALUES('30105',(if((select count(idestado) as c from estado where sigla = 'NÃO INFORMADO') > 0 , (select idestado from estado where sigla = 'NÃO INFORMADO') , 25 ) ),'NÃO INFORMADO');
INSERT INTO bairro VALUES('30105','30105','NÃO INFORMADO','NÃO INFORMADO','');
INSERT INTO cep VALUES('30105','30105','NÃO INFORMADO');
INSERT INTO endereco VALUES('30105','30105','NÃO INFORMADO','NÃO INFORMADO');
INSERT INTO cliente VALUES('20102','30105','10003','WEST PLAZA SHOPPING','0','1','0','1','WPLPAR','1');
INSERT INTO dados_cliente VALUES('20102','20102','13.655.492/0001-03','NÃO INFORMADO','WEST PLAZA SHOPPING','0.00','null','null','1','0.00','smb://192.168.1.226/Programacao/SERVER/','smb://192.168.1.249/Clientes/WPLPAR/','smb://192.168.1.220/Comerciais/WPLPAR/','smb://192.168.1.249/Clientes/WPLPAR/','smb://192.168.1.249/Clientes/WPLPAR/','1');
INSERT INTO contato_cliente VALUES(null,'10000','Raphael','1','raphael.barros@impecavel.com.br','(21)99671-9797','TI');
INSERT INTO contato_cliente VALUES(null,'10001','Rodrigo','1','rodrigo@aguiashoes.com.br','(11) 3018-3670','TI');
INSERT INTO contato_cliente VALUES(null,'10001','Rodrigo','1','rodrigo_aguia@terra.com.br','(11) 8138-7176','TI');
INSERT INTO contato_cliente VALUES(null,'20011','Gerente','1','Não foi informado','(011) 5844-2956 ','Não foi informado');
INSERT INTO contato_cliente VALUES(null,'20011','Gerente','1','Não foi informado','(011) 5842-2082 ','Não foi informado');
INSERT INTO contato_cliente VALUES(null,'20011','Gerente','1','Não foi informado','(011) 5842-0923','Não foi informado');
INSERT INTO contato_cliente VALUES(null,'20012','Gerente','1','Não foi informado','(11) 5844-8998 ','Não foi informado');
INSERT INTO contato_cliente VALUES(null,'20012','Gerente','1','Não foi informado','(11) 5844-6528','Não foi informado');
INSERT INTO contato_cliente VALUES(null,'20013','Gerente','1','Não foi informado','(011) 5833-1658 ','Não foi informado');
INSERT INTO contato_cliente VALUES(null,'20013','Gerente','1','Não foi informado','(011) 5833-2204','Não foi informado');
INSERT INTO contato_cliente VALUES(null,'20014','Gerente','1','Não foi informado','(011) 5893-2373 ','Não foi informado');
INSERT INTO contato_cliente VALUES(null,'20014','Gerente','1','Não foi informado','(011) 5893-3834 ','Não foi informado');
INSERT INTO contato_cliente VALUES(null,'20014','Gerente','1','Não foi informado','(011) 5897-4690','Não foi informado');
INSERT INTO contato_cliente VALUES(null,'20015','Gerente','1','Não foi informado','(011) 2011-2894 ','Não foi informado');
INSERT INTO contato_cliente VALUES(null,'20016','Gerente','1','Não foi informado','(011) 5514-3641','Não foi informado');
INSERT INTO contato_cliente VALUES(null,'20017','Gerente','1','Não foi informado','(011) 5892-6286 ','Não foi informado');
INSERT INTO contato_cliente VALUES(null,'20019','Gerente','1','Não foi informado','4546-4105','Não foi informado');
INSERT INTO contato_cliente VALUES(null,'20020','Gerente','1','Não foi informado','2010-7229','Não foi informado');
INSERT INTO contato_cliente VALUES(null,'20021','Gerente','1','Não foi informado','(012) 3913-1388','Não foi informado');
INSERT INTO contato_cliente VALUES(null,'20022','Não foi informado','1','Não foi informado','Não foi informado','Não foi informado');
INSERT INTO contato_cliente VALUES(null,'20023','Não foi informado','1','Não foi informado','Não foi informado','Não foi informado');
INSERT INTO contato_cliente VALUES(null,'20024','Gerente','1','Não foi informado','(011)2554-2884 ','Não foi informado');
INSERT INTO contato_cliente VALUES(null,'20025','Não foi informado','1','Não foi informado','Não foi informado','Não foi informado');
INSERT INTO contato_cliente VALUES(null,'10002','Renato Guedes','1','renato.guedes@amoedo.com.br','Não foi informado','MKT');
INSERT INTO contato_cliente VALUES(null,'10002','Joice Ibraim ','1','joiceb@amoedo.com.br','(21) 2490-9110 ','MKT');
INSERT INTO contato_cliente VALUES(null,'10002','Joice Ibraim ','1','Nao informado','(21)  2199-1249','MKT');
INSERT INTO contato_cliente VALUES(null,'10002','Marcus Figueiredo','1','marcusvf@amoedo.com.br','(21) 2490 - 9118','TI');
INSERT INTO contato_cliente VALUES(null,'10002','Não foi informado','1','Não foi informado','(21) 9354-8412','TI');
INSERT INTO contato_cliente VALUES(null,'10002','Fernando Santos  ','1','fernandofs@amoedo.com.br','Não foi informado','TI');
INSERT INTO contato_cliente VALUES(null,'10002','Marcos Gils','1',' marcoss@amoedo.com.br','Não foi informado','TI');
INSERT INTO contato_cliente VALUES(null,'10002','Aderson','1','aderson@operaprimanet','(21) 2225-5749 ','Prestador serviço');
INSERT INTO contato_cliente VALUES(null,'10002','Aderson','1','Nao informado','(21) 9800-7007','Prestador serviço');
INSERT INTO contato_cliente VALUES(null,'20026','Gerente','1','Nao informado','(21) 2490-1200','Não foi informado');
INSERT INTO contato_cliente VALUES(null,'10003','Dionizio','1','dionizio@mmartan.com.br','(19) 2102-2339','TI');
INSERT INTO contato_cliente VALUES(null,'10003','Ericlebio','1','ericlebio@mmartan.com.br','(19) 2102-2260 R:2339','TI');
INSERT INTO contato_cliente VALUES(null,'10003','Ronny','1','ronny.alvarenga@mmartan.com.br','(19) 2102-2282','TI');
INSERT INTO contato_cliente VALUES(null,'10003','Andre','1','andre.silva@mmartan.com.br','Nao informado','TI');

INSERT INTO `intranet`.`tipo_produto` (`id`, `nome`) VALUES ('1', 'AUDIO');
INSERT INTO `intranet`.`tipo_produto` (`id`, `nome`) VALUES ('2', 'VIDEO');
INSERT INTO `intranet`.`tipo_produto` (`id`, `nome`) VALUES ('3', 'WEB');
INSERT INTO `intranet`.`tipo_produto` (`id`, `nome`) VALUES ('4', 'MOBILE');
INSERT INTO `intranet`.`produto` (`id`, `tipo_produto`, `nome`) VALUES ('1', '1', 'AUDIOSTORE');
INSERT INTO `intranet`.`produto` (`id`, `tipo_produto`, `nome`) VALUES ('2', '2', 'VIDEOONE');
INSERT INTO `intranet`.`produto` (`id`, `tipo_produto`, `nome`) VALUES ('3', '3', 'ELLAFM');
INSERT INTO `intranet`.`produto` (`id`, `tipo_produto`, `nome`) VALUES ('4', '4', 'VIDEOONE-H06C');
INSERT INTO `intranet`.`tipo_acesso_remoto` (`id`, `nome`) VALUES ('1', 'TEAMVIEWER');
INSERT INTO `intranet`.`tipo_acesso_remoto` (`id`, `nome`) VALUES ('2', 'LOGMEIN');
INSERT INTO `intranet`.`tipo_acesso_remoto` (`id`, `nome`) VALUES ('3', 'FTP');
INSERT INTO `intranet`.`tipo_acesso_remoto` (`id`, `nome`) VALUES ('4', 'SSH');
INSERT INTO `intranet`.`tipo_acesso_remoto` (`id`, `nome`) VALUES ('5', 'SHOWMYPC');
INSERT INTO `intranet`.`tipo_acesso_remoto` (`id`, `nome`) VALUES ('6', 'VNC');
INSERT INTO `intranet`.`tipo_acesso_remoto` (`id`, `nome`) VALUES ('7', 'RDP');
INSERT INTO `intranet`.`tipo_acesso_remoto` (`id`, `nome`) VALUES ('8', 'AMMY');
INSERT INTO `intranet`.`tipo_acesso_remoto` (`id`, `nome`) VALUES ('9', 'OUTRO');

INSERT INTO acesso_remoto VALUES(null,'1','20009','NÃO INFORMADO','241740801','instore@#','8080');
INSERT INTO acesso_remoto VALUES(null,'1','20011','NÃO INFORMADO','197595021','instore@#','8080');
INSERT INTO acesso_remoto VALUES(null,'1','20011','NÃO INFORMADO','787 548 974 ',' @suportes','8080');
INSERT INTO acesso_remoto VALUES(null,'1','20012','NÃO INFORMADO','935 163 182',' @suportes','8080');
INSERT INTO acesso_remoto VALUES(null,'1','20013','NÃO INFORMADO','283 472 943',' @suportes','8080');
INSERT INTO acesso_remoto VALUES(null,'1','20014','NÃO INFORMADO','939979903',' @suportes','8080');
INSERT INTO acesso_remoto VALUES(null,'1','20015','NÃO INFORMADO','935620002',' @suportes','8080');
INSERT INTO acesso_remoto VALUES(null,'1','20016','NÃO INFORMADO','935 678 578',' @suportes','8080');
INSERT INTO acesso_remoto VALUES(null,'1','20017','NÃO INFORMADO','103 824 543',' @suportes','8080');
INSERT INTO acesso_remoto VALUES(null,'1','20018','NÃO INFORMADO','242223752',' @suportes','8080');
INSERT INTO acesso_remoto VALUES(null,'1','20019','NÃO INFORMADO','973 035 367',' @suportes','8080');
INSERT INTO acesso_remoto VALUES(null,'1','20020','NÃO INFORMADO','963 499 232',' @suportes','8080');
INSERT INTO acesso_remoto VALUES(null,'1','20021','NÃO INFORMADO','238 662 607',' @suportes','8080');
INSERT INTO acesso_remoto VALUES(null,'1','20022','NÃO INFORMADO','379 124 398',' @suportes','8080');
INSERT INTO acesso_remoto VALUES(null,'1','20023','NÃO INFORMADO','504 410 825',' @suportes','8080');
INSERT INTO acesso_remoto VALUES(null,'1','20024','NÃO INFORMADO','738 204 378 ',' @suportes014 ','8080');
INSERT INTO acesso_remoto VALUES(null,'1','20025','NÃO INFORMADO','199 228 240 ','@suportes','8080');
INSERT INTO produto_cliente VALUES(null,'1','20001');
INSERT INTO produto_cliente VALUES(null,'1','20002');
INSERT INTO produto_cliente VALUES(null,'1','20003');
INSERT INTO produto_cliente VALUES(null,'1','20004');
INSERT INTO produto_cliente VALUES(null,'1','20005');
INSERT INTO produto_cliente VALUES(null,'1','20006');
INSERT INTO produto_cliente VALUES(null,'1','20007');
INSERT INTO produto_cliente VALUES(null,'1','20008');
INSERT INTO produto_cliente VALUES(null,'1','20009');
INSERT INTO produto_cliente VALUES(null,'1','20010');
INSERT INTO produto_cliente VALUES(null,'1','20011');
INSERT INTO produto_cliente VALUES(null,'1','20012');
INSERT INTO produto_cliente VALUES(null,'1','20013');
INSERT INTO produto_cliente VALUES(null,'1','20014');
INSERT INTO produto_cliente VALUES(null,'1','20015');
INSERT INTO produto_cliente VALUES(null,'1','20016');
INSERT INTO produto_cliente VALUES(null,'1','20017');
INSERT INTO produto_cliente VALUES(null,'1','20018');
INSERT INTO produto_cliente VALUES(null,'1','20019');
INSERT INTO produto_cliente VALUES(null,'1','20020');
INSERT INTO produto_cliente VALUES(null,'1','20021');
INSERT INTO produto_cliente VALUES(null,'1','20022');
INSERT INTO produto_cliente VALUES(null,'1','20023');
INSERT INTO produto_cliente VALUES(null,'1','20024');
INSERT INTO produto_cliente VALUES(null,'1','20025');
INSERT INTO produto_cliente VALUES(null,'1','20026');
INSERT INTO produto_cliente VALUES(null,'1','20027');
INSERT INTO produto_cliente VALUES(null,'1','20028');
INSERT INTO produto_cliente VALUES(null,'1','20029');
INSERT INTO produto_cliente VALUES(null,'1','20030');
INSERT INTO produto_cliente VALUES(null,'1','20031');
INSERT INTO produto_cliente VALUES(null,'1','20032');
INSERT INTO produto_cliente VALUES(null,'1','20033');
INSERT INTO produto_cliente VALUES(null,'1','20034');
INSERT INTO produto_cliente VALUES(null,'1','20035');
INSERT INTO produto_cliente VALUES(null,'1','20036');
INSERT INTO produto_cliente VALUES(null,'1','20037');
INSERT INTO produto_cliente VALUES(null,'1','20038');
INSERT INTO produto_cliente VALUES(null,'1','20039');
INSERT INTO produto_cliente VALUES(null,'1','20040');
INSERT INTO produto_cliente VALUES(null,'1','20041');
INSERT INTO produto_cliente VALUES(null,'1','20042');
INSERT INTO produto_cliente VALUES(null,'1','20043');
INSERT INTO produto_cliente VALUES(null,'1','20044');
INSERT INTO produto_cliente VALUES(null,'1','20045');
INSERT INTO produto_cliente VALUES(null,'1','20046');
INSERT INTO produto_cliente VALUES(null,'1','20047');
INSERT INTO produto_cliente VALUES(null,'1','20048');
INSERT INTO produto_cliente VALUES(null,'1','20049');
INSERT INTO produto_cliente VALUES(null,'1','20050');
INSERT INTO produto_cliente VALUES(null,'1','20051');
INSERT INTO produto_cliente VALUES(null,'1','20052');
INSERT INTO produto_cliente VALUES(null,'1','20053');
INSERT INTO produto_cliente VALUES(null,'1','20054');
INSERT INTO produto_cliente VALUES(null,'1','20055');
INSERT INTO produto_cliente VALUES(null,'1','20056');
INSERT INTO produto_cliente VALUES(null,'1','20057');
INSERT INTO produto_cliente VALUES(null,'1','20058');
INSERT INTO produto_cliente VALUES(null,'1','20059');
INSERT INTO produto_cliente VALUES(null,'1','20060');
INSERT INTO produto_cliente VALUES(null,'1','20061');
INSERT INTO produto_cliente VALUES(null,'1','20062');
INSERT INTO produto_cliente VALUES(null,'1','20063');
INSERT INTO produto_cliente VALUES(null,'1','20064');
INSERT INTO produto_cliente VALUES(null,'1','20065');
INSERT INTO produto_cliente VALUES(null,'1','20066');
INSERT INTO produto_cliente VALUES(null,'1','20067');
INSERT INTO produto_cliente VALUES(null,'1','20068');
INSERT INTO produto_cliente VALUES(null,'1','20069');
INSERT INTO produto_cliente VALUES(null,'1','20070');
INSERT INTO produto_cliente VALUES(null,'1','20071');
INSERT INTO produto_cliente VALUES(null,'1','20072');
INSERT INTO produto_cliente VALUES(null,'1','20073');
INSERT INTO produto_cliente VALUES(null,'1','20074');
INSERT INTO produto_cliente VALUES(null,'1','20075');
INSERT INTO produto_cliente VALUES(null,'1','20076');
INSERT INTO produto_cliente VALUES(null,'1','20077');
INSERT INTO produto_cliente VALUES(null,'1','20078');
INSERT INTO produto_cliente VALUES(null,'1','20079');
INSERT INTO produto_cliente VALUES(null,'1','20080');
INSERT INTO produto_cliente VALUES(null,'1','20081');
INSERT INTO produto_cliente VALUES(null,'1','20082');
INSERT INTO produto_cliente VALUES(null,'1','20083');
INSERT INTO produto_cliente VALUES(null,'1','20084');
INSERT INTO produto_cliente VALUES(null,'1','20085');
INSERT INTO produto_cliente VALUES(null,'1','20086');
INSERT INTO produto_cliente VALUES(null,'1','20087');
INSERT INTO produto_cliente VALUES(null,'1','20088');
INSERT INTO produto_cliente VALUES(null,'1','20089');
INSERT INTO produto_cliente VALUES(null,'1','20090');
INSERT INTO produto_cliente VALUES(null,'1','20091');
INSERT INTO produto_cliente VALUES(null,'1','20092');
INSERT INTO produto_cliente VALUES(null,'1','20093');
INSERT INTO produto_cliente VALUES(null,'1','20094');
INSERT INTO produto_cliente VALUES(null,'1','20095');
INSERT INTO produto_cliente VALUES(null,'1','20096');
INSERT INTO produto_cliente VALUES(null,'1','20097');
INSERT INTO produto_cliente VALUES(null,'1','20098');
INSERT INTO produto_cliente VALUES(null,'1','20099');
INSERT INTO produto_cliente VALUES(null,'1','20100');
INSERT INTO produto_cliente VALUES(null,'1','20101');
INSERT INTO produto_cliente VALUES(null,'1','20102');

UPDATE `intranet`.`dados_cliente` SET `data_inicio_contrato`='2015-01-05', `data_termino_contrato`='2050-01-05' WHERE `iddados_cliente`>='1';